userName,content,score,at
SONNY DINATA (REDINATA),Pelayanan Bank Kalteng sangat merepotkan. Saya transfer uang tapi gak masuk. Malah disuruh tunggu 24jam. Padahal uang tersebut sangat diperlukan saat itu juga.,1,2024-10-11 07:54:31
Mundin Roma,"Aplikasi ini perlu ditingkatkan lg, saya sdh 2x tf dan isi saldo dana tidak masuk2 padahal saldo sdh terpotong, tidak ada tempat pengaduan live, sangat mengecewakan! Kita yg mau cepat malah terhambat.",1,2024-10-04 22:03:45
Reza ababil,Banyak manfaat....semoga Berkah Selalu Bank Kalteng,5,2024-10-02 09:39:00
Mar Dino,"Awal pakai bagus saja, semua juga lancar-lancar saja. Tapi kenapa sekarang berubah pelayanan digital nya. Saya ngisi pulsa gak masuk-masuk, saldo terpotong. Mau top up malah keterangan nya host down. Tolong diperbaiki aplikasi nya, kasihan yg jauh dari kabupaten ini kalo aplikasi ini gk bisa digunakan",2,2024-10-02 06:11:02
akhmad khusairi,"Pembayaran PDAM status sedang diproses terus berhari-hari,saldo sudah terpotong tidak kembali..kacau..",1,2024-09-21 04:10:12
Neni Sriwahyuni,beberapa kali pembelian pulsa dan token listrik selalu transaksi sedang di proses dan gagal. saldo hilang sia2,2,2024-09-16 12:11:58
Julia Skyhigh,APLIKASI BIADAB DIKIT TER BLOKIR KLO GA DSURUH PEMERINTAH GA BAKAL MAKE NI APLIKASI BUAT GAJIH,1,2024-09-14 17:42:47
King Popeye,Aplikasi eror.. Mau registrasi tahap selanjutnya saat masukkan username dan masukkan password gak ada tombol untuk meng ACC.kan.. ğŸ˜,4,2024-09-14 08:47:46
Antonius Cyy,Sangat membantu,5,2024-09-09 01:19:00
Cindy Roestam,Sejauh ini semua transaksi berjalan dengan baik,4,2024-09-08 10:23:08
Anjas Reza,"parah, jaringan bagus atau jelek kadang keluar terus gagal koneksi",1,2024-08-29 20:30:31
Clara Hellenika,"Permisi, kenapa aplikasinya tidak bisa diinstall. Apakah sedang ada permasalahan atau gangguan?(Sekarang sudah bisa, Terimakasih)",5,2024-08-28 15:27:12
Sarwani,Gimana cara daftar nya bro,5,2024-08-28 12:23:30
junet coiii,Susah masuknya,2,2024-08-26 13:42:49
Jali Rahman,Apakah gangguan??? Ngisi Dana lewat Betang Mobile status nya transaksi masih diproses. Padahal sudah 3 hari belum ada perubahan. Duit Sudah dipotong lagi.,4,2024-08-25 02:23:13
Jabiren Raya,Kenapa saya topup dana dari pagi sampai sore masih proses mending digagalkan aja dan kembalikan saldonya,5,2024-08-24 17:37:43
ABBAH Vq,"kenapa ya sekarang cek mutasi rekening 90 hari jadi gak bisa, bahkan yg periode mutasi 30 hari sebelumnya aja juga susah. tolong perbaiki lg tim admin/teknisi betangmobile nya supaya lebih baik lg ke depannya. terimakasih ğŸ™ğŸ¼",3,2024-08-24 08:12:44
Amel,sangat membantu,3,2024-08-24 07:29:19
Noor hidayat Hidayat,Kalau bisa update aplikasi fitur pembayaran QR,5,2024-08-23 20:39:43
SUPRIONO AAA,"n2a #a2#2. aa! re 3o3a 9o owâ‚¬%>. be bbs sbebbg ae 22 ee 2wwwwee2 2aw3z,Arr 433b râœ“ b BB. zbwws r 4",5,2024-08-23 18:19:55
Suani Nasikin,Pelayanannya sangat baik,5,2024-08-23 10:08:27
erlina yuliani,Memudahkan transaksi perbankan,5,2024-08-22 18:12:34
Eva Rini Astuti,"Semua berjalan dengan baik,, pelayanan baik,, semoga kedepan lebih baik lagi. Terima kasih.",5,2024-08-22 09:14:12
Herli Sudarta,Pelayanan amplikasi mantaf namun tarif setiap transaksi berbeda bank terlalu mahal...,4,2024-08-22 08:12:07
Said Duniawalet,Sangat bagus dan membantu....terima kasih.,5,2024-08-22 07:35:50
Mucai adventure,bagus,5,2024-08-21 22:19:20
Darius Pky,"Praktis g ribet, ATM lokal sering ambyar, kedebit, gada uanglah, hedeh",5,2024-08-21 21:11:26
Teguh Japrianda,Bagus dan baik aplikasi nya,5,2024-08-21 20:43:46
Citra Fitria,"Kalau ngisi pulsa sering gk masuk,dan uang gk kembali. Bisa seminggu dalam proses aja",5,2024-08-21 17:27:59
Adrio Sehabut,Kenapa aplikasi Betang tdk bisa dibuka bossku,5,2024-08-21 17:23:34
Ganda Saputra,Tolong perbaiki menu pembayaran PLN PREPAID bermasalah. Trims,2,2024-08-21 16:31:48
Ahmad Jumadil Akbar,"Apk Ini gimana sih udah 2 kali status transaksi sedang di proses tapi udah 4 bulan tapi ga masuk masuk, mana saldonya udah berkurang tapi ga masuk masuk, udah di ajukan ke bank juga cuma di bilang kami cuma bisa mengajukan kata cs nya, terus uang nya kemanağŸ™ƒ jaringan aman aja padahal",1,2024-08-12 12:05:44
satria wijaya,"mau bertanya untuk penggajihan honorer penyaluran di bank kalteng cabang buntok sering tertunda dan terlambat tidak seperti daerah lainnya, alasan nya apa ya",3,2024-08-09 15:19:16
TIGER EMERON,BURUK MASIH APK nya,1,2024-08-07 18:38:21
Adiasah,"Aktivitas nya dipersulit, harus menunggu lama. Harusnya di permudah. Tolong diperbaiki pelayanan CS.",1,2024-08-05 18:00:09
Muhammad Basri,Bagus dan sangat membantu,5,2024-08-04 21:37:06
Bkri Gns,"aku cuman salah masukin kata sandi 3x malah user id di blokir gimana sih,jangan gitu dong min aelah ribet kalau kek gitu masa harus KA bank Kalteng ngurus nya",1,2024-07-31 19:10:53
Julak Owner,"tambah fitur daftar sms bangking dong, ribet buat orang yang kerja di pedalaman. harus ke kabupaten atau kecamatan cuman buat aktifin sms banking. pliss lah",5,2024-07-24 06:53:39
aji suraji,"Apakah apknya sedang gangguan ,saya kesulitan utk pembayaran PBB wilayah Kobar . Saat memasukan Nop sangat sulit. Mohon di perbaiki.tks",5,2024-07-17 15:05:00
Pegy Oktrisda,"Top up shopee pay, beli paket data, keseringan gagal tapi saldo kepotong, lelah harus bolak balik bikin laporan ke bank demi 200 rb ngantri bisa berjam jam pula",3,2024-07-17 11:36:58
Nurlaila Fitri,"Aplikasi ribet, salah login 3 kali malah user diblokir dan harus datang kekantor untuk aktivasi. Ribet amat, jarak berpuluh-puluh kilometer hanya untuk aktivasi user id. Belum lagi potongan biaya administrasinya luar biasa mahal dibanding bank lain, mahal banget.",1,2024-07-11 17:52:45
king shaman,Jadi susah masuk log in,2,2024-07-11 17:07:33
Sugeng Riyanto,Sudah jarang error2 lg,4,2024-07-10 21:41:59
frengky Saputra,"Apa ini maksudnya beli pulsa di aplikasi ini tulisan eror tapi saldo terkurang,pulsa gak masuk apa apaan!!!!",1,2024-07-10 10:46:44
Bayu Sutra S,"Tolong limit pembelian emoney nya jangan di batasi maksimal 200 ribu , klo bisa di tambah sampai limit 5 jt kak",4,2024-07-07 07:09:38
Linh Anh,Pas pengiriman kode OTP saya tidak menerima pesan SMS nya ke hp saya,1,2024-07-06 16:58:39
rizqy yandy,selalu gagal register pedaha no atm udah benar.sangat mengharukan,1,2024-07-05 18:56:59
YUDI & NAURA CHANNEL,Sangat membantu,5,2024-07-05 18:54:23
asir sur,Apa bisa login karena saya baru ganti hp baru,2,2024-07-01 17:40:43
yunedi SKM,Mantap ğŸ‘,5,2024-07-01 14:58:40
Dwi Oke,"Nama dan password sdh benar, tapi tetap aja nggak bisa login",1,2024-07-01 09:40:22
Sugi Yono,Gak bisa dinpaki,1,2024-06-30 15:59:34
Arsenio Mali,Yransferan palimg cepat,5,2024-06-29 09:13:35
Jeni Rahmawati AS,Sangat puas dengan aplikasi ini. Jadi kami yang tinggal di desa dan jauh dari bank bisa juga melakukan transaksi tampa harus datang ke bank ğŸ¥°ğŸ¥°,5,2024-06-29 08:16:39
hendri lee,Kagak usah bikin aplikasi kalo tidak bisa dipakai..payahğŸ˜¡,1,2024-06-29 07:56:45
Mah Nr,"Ga bisa registrasi,kode tdk ada masuk ke nomer aku",1,2024-06-14 20:48:41
Erry Setiawan,"Aplikasi gajelas tolong di perbaiki lagi, masa masukin rekening di registrasi gabisa hadehh",1,2024-06-14 19:28:44
DWI ESTI ANGGRAENI,"Aplikasi gak bs dibuka, gangguan koneksi berhari2",2,2024-06-14 12:56:25
Sai Ful,"Sulitnya Masuk setelah Aplikasinya di Unistal dan instal ulang, di karenakan Loading-Loading Lama... Masa harus datang ke cs Bank lagi... Padahal kan Nomor Hp yang Terdaftar tetap... tidak Ganti",5,2024-06-14 12:08:30
Nuha Rajaq,gk bisa ke buka sistem erorrr,1,2024-06-14 10:48:51
Eritha Sulang Aprison Tambuang,"Mantap,sukses bank kalteng semakin Maju",5,2024-06-14 10:29:41
Kristian Mambang,Mantap,5,2024-06-14 10:22:17
Angga Pratama,Mantap,5,2024-06-14 08:19:14
efraim tobias,Saat login selalu masalah koneksi terus jadi bar ID dan Password tidak terbuka. Tolong segera diperbaiki secepatnya sudah 2 hari seperti ini terus,2,2024-06-14 05:37:05
fhebe marnika,Sudah dua hari tidak bisa di akses ğŸ¥º,3,2024-06-14 05:01:14
ALI ADMI,Mantap,5,2024-06-13 22:20:46
Suharta Nugraha,Amanah,5,2024-06-13 21:24:48
Novita Wulandari,"suka,tp sering gak bisa masuk ke aplikasinya",5,2024-06-13 18:42:29
Eldy Indra,Masih sering gangguan,2,2024-06-13 17:33:43
Sepang Phoncell,Tingkatkan,5,2024-06-13 09:34:21
Roby Satrio,"Gangguan koneksi, apa yang terjadi",5,2024-06-12 19:04:06
M.Agus Salim,Keren,5,2024-06-11 22:32:56
Setiawan Bari,"Keseringan maintenance, sama mau ngisi ke e-money nominal ny terbatas",3,2024-06-10 13:22:33
Yora Amino,Gimana nih top up ga bisa masuk saldo terpotong,4,2024-06-05 22:20:02
Aurora Luna Febriana,Tidak bisa di gunakan pergantian Hp,2,2024-06-03 19:07:35
Pejuang Hati,"Ganti HP kenapa mesti datang ke CS Bank Kalteng.. merepotkan, mana antrian lama... Beda dg Bank lain, ga perlu datang ke CS..",2,2024-06-03 08:32:58
Super Sentai,"Untuk TOPUP EMONYnya kalau bisa ada kolom untuk input manual biar nasabah isi mandiri tidak otomatis sesuai yg ada, masa maksimal pengisian cuma 200.000 #salam_barigas_uras_manuwu",2,2024-06-03 07:29:07
Sarwani 898 (Iwan),Bisa enggak mendaftar lewat hp,5,2024-06-03 01:04:02
Varo,Sering gak bisa login,1,2024-06-02 16:11:43
Rahmat Dianoor,Untuk yg kasus nya ganti hp baru. Aplikasi ini tidak bisa digunakan untuk registrasi. Selain itu pelayanan capem nya juga CS nya bisa nggak menerima nasabah yg mau registrasi m-banking ğŸ‘ğŸ‘ğŸ‘ğŸ‘ğŸ‘ğŸ‘ğŸ‘ğŸ‘,1,2024-05-31 08:57:28
sucinarwaty S,"Ganti HP susah untuk masuk, sampai kita datang ke kantor, di bank bisa di buka, pas di rumah kita mau pakai, salah ke salah sandi, pada hal udah di catat, eror terus, udah beberapa kali ngurus di bank kalteng.",2,2024-05-29 18:54:11
Rolly Suseno,Kok sidik jari gak bisa.,4,2024-05-28 14:31:12
Benny Wijaya,"Mantap, keren.",5,2024-05-23 12:29:48
anif rahman,"Memudahkan setiap transaksi kapanpun dimanapun, terima kasih betang mobile",5,2024-05-21 19:20:01
Leli Oktaviana,"Ganti hp tapi masuk pakai username dan password yg ada malah harus registrasi, pas registrasi malah nggak bisa, nyuruh harus ke cs. Gimana dong min, sedangkan ke bank cab jaraknya lumayan dan kadang antriannya panjang banget..",2,2024-05-19 11:12:11
Nor Aiyda,Sangat membantu,5,2024-05-17 06:32:58
Msumadi Msumadi,Kurang bersahabat dgn sinyal,3,2024-05-17 02:23:23
Langkis Mezae,Sangat membantu sekali aksesnya sangat mudah.,5,2024-05-16 09:07:08
Kiyem 87,Alhamdulillah sangat membantu dalam transaksi dan cek saldo TPI agak lemot,4,2024-05-15 15:25:05
Sapi Joko,"Kenapa Aplikasi Betang Mobile sekarang tidak bisa dibuka, padahal awalnya bisa..?",2,2024-05-14 05:20:11
Lesie Lesie,Trimasih,5,2024-05-13 09:23:25
Nopri Ance,"Mudah,cepat, Terpercaya.",5,2024-05-12 06:15:42
Imar Imna,Sangat membantu saat bertransajsi dan cek saldo,5,2024-05-12 05:56:27
Ibarata WD,Semakin baik,4,2024-05-11 14:40:13
nor bainah,Terimakasih sdh mmbentu sekali dlm masalah keuangan,5,2024-05-11 06:17:53
Ira Santi,"Sangat membantu sekali Dalam cek saldo ,uang masuk dan ,transfer .",5,2024-05-10 17:58:46
Abdullah HA.,Alhamdulillah mengambil.. Transfer bisa lancar... Tingkatkan terus...,4,2024-05-10 15:04:10
Kismina Anugrawati,Sampai sejauh ini tidak ada masalah dan sangat membantu,5,2024-05-10 13:09:11
Agustinus assan,"Rasa nyaman saat bertransaksi dgn betang mibile hendak'y keamanan dan kerahasiaan hrs di jaga terus, agar kami nasabah bank bpd kalteng percaya.",3,2024-05-10 10:26:31
Adit Adit,kenapaaa gangguan koneksi terus saya tdk bisa masuk...betang tolonglaaa,1,2024-05-10 03:15:51
Lindasari Sinulingga,Betang mantap,5,2024-05-09 13:02:22
Rada Alasiyah,adaa in Qris dongg minn,5,2024-05-09 10:45:33
Maria Novia Rosa,"Terima kasih betang mobile, susah memudahkan transaksi. Semoga kedepannya lebih baik lagi.",5,2024-05-09 08:08:12
Dion Mardiono,Bagus,5,2024-05-09 05:31:44
Eko Yulyanto,Mohon untuk menambah fasilitas ganti pin atm di aplikasi jika lupa no pin atm. Terima kasih.,1,2024-05-09 04:26:33
MUHAMMAD HIPNI SY,Ok,5,2024-05-08 19:16:11
Tri Wardono,"Betang mobile sangat membantu, terimakasih",4,2024-05-08 18:08:28
"Margaretha Yenitha, M.Pd.",Membantu dalam bertransaksi,4,2024-05-08 16:23:07
Selvi Nora Indah,Bank mobile mantap,5,2024-05-08 15:01:16
Viyani Spt,Tidak bisa registrasi pdhl nomor sdh di daftarkan di bank. Hapus saja aplikasinya klo tidak berguna,1,2024-05-07 16:35:19
heru dwi saputro,"Belum bisa registrasi ulang, untuk pindah device baru",2,2024-05-03 15:37:24
Melky Aditya,"SYSTEM BURUK, GAJI BELIM MASUK SALDO HABIS REKENING OTOMATIS DITUTUP. TIDAK ADA TOLERANSI SEDIKITPUN.",1,2024-05-03 15:37:11
Warung Review,Sidik jari nya error,4,2024-04-27 17:43:48
Arif Budiman,"sampai sekarang belum bisa registrasi, diinfoka petugas bank aplikasi masih gangguan terus....sampai kapan?",4,2024-04-25 16:14:55
Fadilah Dilah,Gimana cara untuk transfer kesaldo dana,3,2024-04-20 20:34:04
Kris Krisdianto,Konyol. Registrasi No rekening ga muat di slot,1,2024-04-18 17:19:59
Dedy Ariadi,melakukan pembelian sering tertunda dan tidak pernah masuk bahkan saldo tidak kembali,1,2024-04-16 03:40:50
Deddy Djinu,Ok,5,2024-04-05 19:17:40
Diky Saputra,Kenapa makin kesini makin lemot ya app nya susah banget login mutar2 terus,3,2024-04-05 12:09:47
rahmad Ramel,"CS nya harus ditambah, karena jika ada masalah dgn mobile banking ini, mesti ke CS. Antrinya lamaaaaaa... seharian nunggu.. karena gak imbang antara petugas CS dengan jumlah costumer. Habis waktu saya.. Untuk Aplikasi Mobile Bangkingnya sangat membantu sekali utk pengelolaan rekening tabungan. TKS",2,2024-04-04 10:35:23
BOWO BOWO,"Kenapa setiap mau registrasi di apk selalu dibilang salah no rekening padahal sudah benar dan sudah mendaftar di BANK langsung ,,mohon solusinya",1,2024-04-04 07:16:33
Grace Febria,Saya download & registrasi ulang di hp saya yg baru. Eh ternyata diminta harus ke bank hanya untuk registrasi di hp baru. Padahal sudah input no.kartu atm & norek dengan benar. Kenapa harus dipersulit sih? Lebih ribet dari apl mbanking milik tetanggağŸ‘ğŸ»ğŸ‘ğŸ»ğŸ‘ğŸ»ğŸ‘ğŸ»ğŸ‘ğŸ»ğŸ‘ğŸ»ğŸ‘ğŸ»ğŸ‘ğŸ»ğŸ‘ğŸ»ğŸ‘ğŸ»ğŸ‘ğŸ»ğŸ‘ğŸ»ğŸ‘ğŸ»ğŸ‘ğŸ»ğŸ‘ğŸ»ğŸ‘ğŸ»ğŸ‘ğŸ»ğŸ‘ğŸ»ğŸ‘ğŸ»ğŸ‘ğŸ»ğŸ‘ğŸ»ğŸ‘ğŸ»ğŸ‘ğŸ»ğŸ‘ğŸ»ğŸ‘ğŸ»ğŸ‘ğŸ»ğŸ‘ğŸ»ğŸ‘ğŸ»ğŸ‘ğŸ»ğŸ‘ğŸ»ğŸ‘ğŸ»ğŸ‘ğŸ»ğŸ‘ğŸ»,1,2024-04-03 10:43:32
Trieva Verawaty,1 mingguan ini aplikasi m-banking betang mobile super lelet. Kenapa ya?,3,2024-04-02 09:54:35
Ghita Rolys,"kenapa lagi si betang ini, kepala udh mumet knpa perusahaan gk jelas. ini pun aplikasi gk jelas ;",1,2024-04-02 09:46:12
adi prasetyo,Setelah di-update gangguan koneksi. Mohon diperbaiki untuk mempermudah kami yg jauh dri Bank,2,2024-04-01 09:38:51
Palangkaraya,"Aplikasinya g banget, mau buat user name cuma sampai buat pasword habis itu g ada lagi yang lain.... Ayo perbaiki, sebagai orang kalteng sya kecewa, sudh di bawa ke kantor juga g ada perubahan..",1,2024-03-28 21:19:58
alfian spd,Sering gangguan koneksi,2,2024-03-14 11:39:22
Muhammad Rizali,Cape harus registrasi berulang ulang ke bank kalteng...perbaikilah sistemnya biar ga ribet,1,2024-03-11 22:29:34
Amin Mk,Dlu baik-baik aja makin ke sini makin ga jelas Gangguan koneksi mulu setiap mau login ga bisa,1,2024-03-10 13:18:23
Mama Wahyu,Betang mobile mudah digunakan,5,2024-03-04 10:26:24
Amang Imittamban,Ok,5,2024-03-03 21:34:04
Harry Suwandi,"Registrasi tidak bisa, harus ke bank trus setiap ganti HP apk paling parah",2,2024-02-29 21:09:04
Realme 12,Aplikasi yg bagus dan membantu dalam transaksi perbankan,5,2024-02-29 11:19:31
YUNI TA,"lagi bermasalah, gara2 ganti hp harus regustrasi, sudah di registrasi disuruh lapor ke bank, atm juga gak bisa sampai ganti atm juga gak bisa,...sangat di persulit",3,2024-02-27 18:51:14
Arianthonopson,Aplikasi sangat bagus & membantu ğŸ™,5,2024-02-26 10:15:13
Rio Vebryy,Gabisa registrasi ulang gimana si ni apk busuk amatt,2,2024-02-24 11:39:41
Nyoman Mawan,"Sungguh kecewa saya sebagai mahasiswa IAHN TP Palangkaraya penerima KIP-K melalui rekening Bank Kalteng, hingga saat ini untuk dana KIP K tidak ada masuk, padahal dari pihak kampus mengatakan bahawa akan cair di tanggal 16, tapi hingga saat ini tidak ada sama sekali,",1,2024-02-23 13:36:12
Sanur Rewendy Ishan,Semoga sukses,4,2024-02-21 09:30:54
candra leo,Mantao,5,2024-02-17 16:57:51
Titin Erma,Lumayan mempermudah,4,2024-02-17 06:43:35
masko masko,sangat cocok untuk mempermudah kan bisnis online,5,2024-02-17 01:37:54
Untung Pebruanto,Sangat membatu dalam hal penhiriman dan penarikan dana,3,2024-02-16 20:55:16
Aldy Pratama,Sangat bagus dan sangat membantu terima kasih,5,2024-02-16 17:17:06
Febriana Firdana,Stlh update..malah error gk bisa kebuka lg,1,2024-02-10 19:18:25
INDRA BAYU,Kualitas sngt buruk.. Msa tiba2 eror tdk bisa masuk aplikasi lg.. Pdahal bru dari bank memperbaiki username n pasword nya..,1,2024-02-09 04:34:17
Muhammad A. Yani,"Kenapa beberapa hari ni apk kda bisa d buka lah,tolong dong pihak admin d perbaiki kendala yg ada",1,2024-02-07 15:02:33
Eka Mega Sari,Aplikasi apa ini sering banget trouble,1,2024-02-03 07:54:19
Rusdi Zha,Terimakasih kepada aplikasi sangat mudah manbantu saya. Walaupun aku sering lupa tatap ja kembil,5,2024-02-02 06:50:35
Anan aza,"Transfer ga masuk tapi saldo terpotong, mohon di perbaiki aplikasinya",1,2024-02-01 16:07:37
Man Luk,Aplikasinya bagus dan mudah,5,2024-02-01 10:56:40
aulia shanum,Aplikasi sering error. Tingkatkan agar pelayanannya lebih baik.,2,2024-01-26 21:38:08
chandra bayu,Sulit dbuka. Jaringan normal pdhl.,3,2024-01-26 21:16:55
Arman Saguni,Eror,1,2024-01-26 20:38:32
Yulius Pahoe,"Untuk saat ini,masuk menggunakan sidik jari tidak bisa digunakan lagi?",3,2024-01-25 12:05:59
Maedy Ripani,tidak bisa login sidik jari. sangat mengecewakan,1,2024-01-24 21:20:49
Enny M,"setelah diupdate mobile bankingnya saya nggak bisa transfer ke rekening diluar bank kalteng, selalu muncul silakan pilih tujuan transaksi, padahal saya sudah pilih tujuan transaksinya.. Tolong dikembalikan seperti semula saja",3,2024-01-19 18:00:42
Etew Zha,Ini gimana ya min? saya mau registrasi tapi kode otp nya ga dikasih udh 4 kali?,1,2024-01-18 15:13:44
Cici Dlh,Keren,4,2024-01-12 17:48:22
Antonius Andrey,Finger print nya tidak bisa dipakai,4,2024-01-10 19:07:15
RIVAL INDAH,Kepada pihak bang Kalteng saya mau masuk ke mobil banking saya kenapa selalu gagal registasi,1,2024-01-08 15:55:59
Syamsu Dhuha,Setelah diupdate kq ga bisa dbuka,3,2024-01-08 09:53:56
Syamsul Fajri,BB j.,4,2024-01-06 06:50:55
yuni asri,"Alhamdulillah,terbantu dengan apk ini,terimakasih PT BANK KALTENG, semoga semakin maju",5,2024-01-05 20:19:38
Rosy Uchy,Urusan jadi mudah,4,2024-01-05 19:08:13
"alhijri, Mhd",Habis update malah error,1,2024-01-05 15:12:09
deni setiawan,"Bagus buat ASN dan TKHL, ga cape ke ATM ngecek gajih masuk",5,2024-01-04 15:33:12
Ferdi Wiryawan,Sampai sejauh ini tidak pernah ada masalah dan aplikasi ini sangat membantu sekali dalam pekerjaan. Fiture2 didalamnya juga sangat lengkap tidak kalah dengan aplikasi banking dari bank bank lain. Semoga semakin baik dan ditingkatkan lagi kedepannya,5,2024-01-04 15:04:28
Devi Wulandari,Asli kada bisa dpakai ğŸ˜…ğŸ˜… habis d update,1,2024-01-03 17:32:23
Riko Inderson,Sangat membantu,5,2024-01-03 16:35:50
Tio â€œAlgumeriâ€ Algumeri,Kembali berfungsi dengan baik. Terimakasih,5,2024-01-03 05:38:18
david purba,ğŸ‘,5,2024-01-02 17:33:24
Hana Bawit,"Sangat membantu dalam proses transaksi ğŸ™ğŸ‡²ğŸ‡¨ Terima kasih bank Kalteng, Salam sukses selalu. GBU",5,2024-01-01 22:43:33
Jerry FC Channel,"Mau buka betang mobile di hp yg berbeda gak bisa menggunakan user n pass yg sama. Stlh ke bank cabang dibantu oleh CSnya, dibantunya hanya sampai OTP. Sudah dicb berkali2 login tapi OTPnya gak ada masuk via SMS, bagaimana ya? Mohon solusinya, trims",2,2023-12-23 21:07:21
Iis ifaa,"Diupdate ko malah sidik jari gak bisa mambaca dan harus registrasi lagi,, mohon utk dapat di perbaiki,, masa harus ke bank utk mengrus begini",3,2023-12-21 21:50:13
benz Cr28,Tolong di update sya sudah masukin data login yang benar tapi selalu di lempar kembali ke halaman login.,1,2023-12-13 10:20:35
Albert Solo,Hanya bisa di akses nasabah yang berdomisili di Kalimantan tengah saja.,3,2023-12-06 15:51:01
Jujuyu 00,Saya tf uang antar bang malah gk masuk ğŸ¥²,1,2023-12-04 12:19:36
Made Bawe,Mqntap,5,2023-12-04 00:45:01
Rey Kirgk (ANAK BUNGKAI),"Aplikasi apaan, pindah perangkat harus menghubungi CS. Ngalah-ngalahin BCA aja. Kinerja tuh diperbaiki.",1,2023-12-02 17:25:35
Lupin Ranger,Mantap sangat membantu,5,2023-11-30 10:50:25
F. Willy Satya. B,Tidak bisa registrasi di perangkat baru.,1,2023-11-29 10:15:13
Rudi Rudi,Aplikasi sering error,1,2023-11-22 21:31:14
Mila Charlina,Selalu ngga bisa dibuka.keseringan gangguan ğŸ˜ª,1,2023-11-14 05:16:10
Ardiansyah,"Aplikasi perbankan yg tdk memuaskan yg pernah sya gunakan,, masa error trus harus disuruh datangi kantor cabang terdekat untuk registrasi habis itu error lg minta registrasi lagi... Ini aplikasi untuk mempermudah nasabah atau bagaimana.",1,2023-11-13 21:39:09
Ahmadbudianor Budianor,Setelah update ga bsa di buka kko ga update ga bsa buka...mkin lma betang mobile mkin kya sampah ga berhuna di pasang di hp,1,2023-11-13 18:38:18
Arif Rahman,Sangat membantu,4,2023-11-13 10:56:12
Febri Saputra,"Aplikasi bagus, tp kenapa beberapa hari ini login via sidik jari tdk bisa, dan juga fitur lupa username kok tgl lahir diri sendiri aja bisa salah, hasilnya tdk bisa login sama sekali",2,2023-11-11 19:08:02
Bae Bee,Error lagi Kalau g buat bayar pdam..udah males pake apps ini,1,2023-11-11 17:03:12
YULIANTI,Kenapa sering gangguan koneksi,3,2023-11-11 16:52:58
JULIANTO DRG gzlrmn,Sangat mantapp,5,2023-11-11 15:04:29
bangroy Vlog,"Jd mlas pkai aplikasi ini, error berkepanjangan",1,2023-11-11 13:57:25
Ria Ayu Puspita,"Saya beri bintang 5 apabila apk diperbaiki. Mau transaksi tiba2 aplikasi tampilannya cuman layar putih aja, sudah beberapa kali dihapus didownload, tetap juga tidak bisaâ€¼ï¸",1,2023-11-11 13:20:11
Eko Prasetyowidigdo,di update malah gak bisa masuk.. gimana sih..,1,2023-11-11 11:48:06
CRISTIAN CANDRA,Mohon ditingkatkan lagi ekslarasi aplikasi kadang error tidak bisa dibuka,5,2023-11-11 11:29:29
Luciana Uci,Oke,5,2023-11-11 09:03:11
Chnz Diary,Gmn ini...udh 2 hr ga bs d pke apk nya. Mana perlu bget buat tf ğŸ¥² tolong d perbaiki scpatx,1,2023-11-10 11:42:20
Irin Irin,Sangat memuas kan,5,2023-11-06 09:09:14
merdy ferdinand,Bagus,5,2023-11-03 09:03:26
Hatika Are,Kok bisa sisa saldo kemakan aplikasi anehh,3,2023-11-02 10:10:29
jimmy balantikan,"transfer gagal tapi saldo kesedot !!!, transaksi kedua transfer sedang di proses, sudh nunggu 5 jam blm juga masuk saldo, .. kacau",1,2023-11-01 18:41:50
Bu Raw,Lebih banyak error,1,2023-10-28 12:53:16
Emy Xiaomi,Sering error dan gak bisa dibuka.. Padahal saya sdh aman dan nyaman pakai ini.. Tp knp error lagi,3,2023-10-28 12:05:07
Alfis Syahrinnor,Lucu banget ini apk . Gak bisa di buka Kirain bakalan mempermudah eh rupanya hehee,2,2023-10-28 00:12:47
Lylia Official,"semua aplikasi gini bermanfaat. tapi sygnya aplikasi nya terlalu sering error. gk bisa di buka aplikasi nya. saat saya baca2 ternyata memang banyak yg bermasalah seperti ini. harusnya jadi perhatian pihak pengelola. edit : sudah bbrapa bulan ini setiap kali buka aplikasi di rumah selalu muncul tulisan: ""mohon maaf aplikasi tidak dapat diproses. mohon coba sesaat lagi"". kmren saya coba ke bank tiba2 disana saya masukkan pin dan user yang sama eh malah bisa masuk. balik ke rumah udh gk bisa lg. :",1,2023-10-25 08:25:21
Andri Saputra,"SETELAH UPDATE TIDAK BISA LOGIN SIDIK JARI, KLIK LUPA USER ID DISURUH MASUKKAN 16 DIGIT NO. KARTU DEBIT, TERNYATA NOMOR KARTU DEBIT-NYA TIDAK TERDAFTAR/MUNGKIN TIDAK DIDAFTARKAN CS SAAT MINTA KARTU DEBIT ğŸ˜‚ğŸ˜‚ğŸ˜‚",3,2023-10-22 08:00:40
HYYS GuruDesa,"Transaksi online transfer ke bank lain pada tanggal 18 Oktober 2023 pada pukul 15 wib, 54 menit, 16 detik dalam tempo lebih dari 24 jam berstatus masih dalam proses. Telah telpon call center tapi tidak ada solusi. Lapor ke BPK hanya diminta ngisi lembar pengaduan dan menunggu 14 hari uang kembali ke saldo rekening. Pengalaman saya di dompet digital dan bank digital lainnya, kasus seperti ini hanya dalam tempo hitungan menit setelah klarifikasi masalah langsung beres.",1,2023-10-19 18:46:31
Beres Silali,Kenapa sering ganguang,2,2023-10-12 20:15:04
Hangga Saputra,"Jangan update dlu,",1,2023-10-12 18:52:24
Ayat Yatmi,"Kenapa saat ini aplikasi Betang mobile saya tidak dapat lagi dibuka, padahal sebelumnya bisa, mohon solusinya ğŸ™",2,2023-10-11 11:58:09
Akhmad Rizkiani,"Setelah di update, tidak bisa menggunakan sidik jari lagi untuk log in aplikasi, mohon di perbaiki lagi aplikasinya",3,2023-10-10 06:02:34
kevin renaldo,Mobile banking error' hedeh tolong diperbaiki,2,2023-10-06 06:08:28
Marcello Yoelson,Mantap,5,2023-10-05 07:52:09
towergodek21 godek,Ardi Saputra,2,2023-10-04 22:23:16
Penggemar berat,Aplikasi lancar tidak ada kendala,5,2023-10-04 21:52:02
iko riseno,Biarkan jumlah bintang yang bicara....,1,2023-10-04 21:39:45
Ari Yunus,Pas perlu malah eror,1,2023-10-04 20:18:27
Ryan Mehank,Mobile banking gak bisa dibuka....,2,2023-10-04 17:21:53
yodinata didi,Tidak bisa login sama sekali,1,2023-10-04 10:46:39
Teno Eka Harap,Mantap,5,2023-10-02 10:52:11
Chreesty Vha,Tiba2 error,2,2023-10-01 17:26:20
Erza Pebrian,"Aplikasi sering gangguan, kode OTP susah muncul, sering login ulang",1,2023-10-01 09:45:40
frans s,"Setelah update malah ga bisa buka pake sidik jari, akhirnya malah ke blokir!!!",1,2023-10-01 07:19:00
selamat riady,Betang mobile udah top dan sangat memudahkan melakukan transaksi. Maju terus bank kalteng.,5,2023-09-30 14:03:06
danni sofiandi,Sudah bbrapa hari ini gak bs login pakai sidik jari.,1,2023-09-30 07:36:45
Asia Afrika,Sangat membantu,5,2023-09-30 05:08:18
Dedi Kusnadi,Tolong di lengapi dan pelayananya,5,2023-09-28 16:33:40
Levi Mulajanang,Mempermudah transaksi,5,2023-09-28 12:23:07
Peridarmo 09,kenapa belum bisa transaksi ? apa penyebabnya?,5,2023-09-28 10:36:41
Realme9a Sepang,Tingkatkan,5,2023-09-27 10:12:41
Yordan Imanuel,habis update ga bisa share bukti traksaksi,3,2023-09-26 23:03:01
Muhammad Natsir,1. update aplikasi di playstore 2. cukup update ja jangan sampai aplikasi nya di hapus lah. 2. bila sdh log in manual dgn user name dan password jangan pakai sidik jari. 3. bila sdh berhasil masuk hanyar daftarkan ulang sidin jari di pengaturan betang mobile nya.,5,2023-09-26 17:37:28
Jawetiana Pky,Tingkatkan,5,2023-09-26 06:48:35
HIT PARAH,"Tolong diperbaiki mau isi saldo e-wallet tidak bisa notifnya no rekening asal salah, padahal no rekening sudah benar",3,2023-09-25 15:53:59
RYSouth RYM (Rendra yusrimaelani),Tidak bisa login via fingerprint setelah update,4,2023-09-25 06:53:47
Robi Cahyadi,"Aplikasinya sangat buruk, sering gagal login, sangat suoer kecewa",1,2023-09-24 12:40:55
Murjani,Aplikasi nya gk bisa login,1,2023-09-23 19:17:46
M. Arifany gunawan,Aplikasi tidak bisa di buka mulai tanggal 22 september 2023 ini...,1,2023-09-23 11:35:16
Dwi Surya Prasetyo,Tidak bisa login habis update. Malah disuruh registrasi. Tapi tidak bisa!!! Sangat meresahkan.,1,2023-09-22 17:21:29
Asna Official,Knpa eror tiba2 nehh ?,1,2023-09-13 18:20:53
Dedi Erlangga,"Kemarin sempat ga bs login,hrs registrasi ke CS dl,stlh selesai registrasi,yg dl bs login pake sidik jari skrng malah ga bs. Trus data transaksi sblm registrasi ulang ga kesimpan,no rek yg dsimpan dl jg pada hilang. Apa memang kyk gini.",2,2023-09-09 20:27:14
Lii Jukmo,"Gk jlas!! masa gk bisa kirim ke ovo/dana, tlong lekapi lg min ref antar bank nya.",2,2023-09-07 22:37:45
Yoga Arianto,Lebih bagus dan lebih enak BRI mo dri ini,1,2023-09-07 22:10:55
Muh.ilham.s Iank,Aplikasi kurang transparan. Jenis mutasinya gk ada. Dana kepotong gk ada keterangan mutasi. Tiba2 kepotong aj. Di cek gk ada menunya. Tolong di tingkatkan. Sekelas bank harusnya gk gni.,2,2023-08-27 10:32:01
Prayoga Ar,"Coba seperti apk DANA, tidak ada potongan biaya dll... Itu ja koreksinya, jengkel sekali saldo berkurang terus walau tidak ada transaksi.",1,2023-08-04 22:32:33
Padli YR,"Mohon di perbaiki.. Tidak bisa masuk, selalu coba sesaat lagi...",2,2023-08-04 07:01:38
Suharti Zhafran,ğŸ‘,5,2023-07-28 17:13:58
Muhammad Haikal,"Kacau ni aplikasi, top up saldo GO-PAY malah kena pending terus nominal gede lagi!",1,2023-07-25 23:33:47
Risna Lusi,"Selalu saja disuruh registrasi ulang,,,, padahal sudah dipelosok, sebenarnya dengan adanya betang bisa lebih membantu,,, ternyata tidak, hampir setiap bulan harus ke kota kecamatan untuk registrasi,, blm lagi sampai cs jawabannya jaringan dari pusat yang blm stabilğŸ¤¦ğŸ»â€â™€ï¸ğŸ¤¦ğŸ»â€â™€ï¸",1,2023-07-25 19:34:56
Roy Suharlin Martito,ğŸ˜‚ğŸ˜‚ğŸ˜‚ğŸ˜‚ğŸ˜‚ğŸ˜‚ğŸ˜‚ğŸ˜‚ğŸ˜‚,5,2023-07-25 19:21:11
hani RR,"Kecewa. Pernah Transfer antar bank, transaksi sedang diproses (Saldo Berkurang, Duit belum masuk). Lapor ke penggaduan CS, suruh nunggu 14 hari kerja untuk proses. Terai geww, nyesal eh.",1,2023-07-18 19:27:25
Sananotuyun2018 Lunulana,Terimakasih,5,2023-07-16 15:46:00
Dann AbuHafeez,"Aplikasi yang mengecewakan, tidak bisa log in setelah hp diservis.",1,2023-07-14 06:09:16
Hendra Hen,Perbaikin lagi,2,2023-07-13 19:01:40
Suwanto Suwanto,Mantap sangat baik pelayanannya,5,2023-07-08 16:37:04
Jefri Bule I Deslan,"Setelah update harus login, dan ketika login sdh bener tetap tdk bisa masuk. Kecewa harus bolak balik bank hnya untk ngurus aplikasi ini saja.",1,2023-07-08 12:04:23
Sudar Manto,Kenapa saat kami terima uang kok tidak ada notifikasi dari bang kalteng,3,2023-07-08 08:01:10
Musthafa Bashir,"Setelah update ke versi terbaru malah tidak bisa login suruh register ulang, Solusinya bawa buku rekening, kartu atm, KTP dan hp (ada pulsa biasa) ke bank kalteng terdekat dan minta mereka untuk meregistrasi ulang, nanti mereka membantu meregistrasi ulang dengan mengirimkan OTP ke hp syaratnya ada pulsa biasa, setelah itu tinggal login dan masukkan kode OTP dan selesai",4,2023-07-08 02:40:27
Jaha ri,Mntap,4,2023-07-05 10:31:22
Muh Zubaidi â€œMas muhâ€ Djakawidada,Dgn SMS banking urusan pajak jadi .udah dan lancar,5,2023-07-05 07:20:29
Andraw Vincent,"Aplikasi edeh using, aplikasi paling merepotkan, menu lupa pass atau username pada input tgl lahir harus klik manual berkali kali...., OTP lambat terkirim sampai waktu habis, ujung ujungnya diblokir dan harus ke cabang terdekat, mana antrinya super lama.....hedehhhh usieng budas wal",1,2023-07-03 11:21:40
KUHAKU NGNL,Parah hbs update mlah gak bisa di buka,1,2023-06-30 10:14:40
Aprila Murni Lucia,Kenapa kok gak bisa login ya. Sudah update malah suruh register device lagi. Lah kok bisa... Gimana ini min. Sdah didaftarkan tpi kok suruh dftar lagi. ?,1,2023-06-29 04:31:14
S Panrio,Agak kecewa saya bekerja di hutan berharap pakai aplikasi ini lancar dikit2 update setelah update minta registrasi ulang lepas tu gak bisa login harus ke bank tolong perbaiki sistemnya bukannya mempermudah malah mempersulit pelanggan,1,2023-06-24 21:35:06
Yopy Firmansyah,baik,5,2023-06-24 15:49:58
Rusdinah zoo,"Tdi mlm aku beli paket data telkomsel 50 ribu,, sdh terpotong dr saldo, tp paket dataku tidak aktif, biasanya ada pemberitahuan dari telkomsel,, ku tunggu smp pagi ini,, msh blm aktif paketnya... lalu kemana uang 50 ribu untuk beli paket itu? Apa belum smp ke telkomsel ya? Mhn aplikasinya di lihat lagi knp bisa terpotong tp malah tdk bisa aktif paket datanya? Trm ksh.. ğŸ™",2,2023-06-19 07:14:13
Wiwin Tandoh,Bagus,5,2023-06-19 06:14:08
Gery Purnomo,"Terimakasih, sudah bisa di VIVO Y15S ANDROID 12 ğŸ™",5,2023-06-18 06:20:42
Dedi Safariansyah,"Update hari ini tgl 15 Juni, udah bisa lagi",5,2023-06-17 04:57:51
Andriyan Cahyadi,Mlh eror di update. Py to kiki,2,2023-06-16 19:49:04
BELAJAR BERSAMA PAK EKO M,"Habis update malah ngk bisa jalan...,coba di instal ulang,sama ja hasilnya...kacau...",2,2023-06-16 06:20:27
Tati Ernawati,Knpa stlah update lgsg gak bisa terbuka???,1,2023-06-16 03:35:05
Erlin Theresia Gharu,"Ah buat kesal aja, Error' Mulu padahal lagi benerÂ² di butuh kan ,udah ikutin arahan untuk update malah app nya nggak bisa di buka, tolong dong di perbaiki demi kenyamanan bersama",1,2023-06-16 02:40:05
YAHMAN SUJANA,Bermanfaat,5,2023-06-15 19:31:08
Heny Yusita,"Habis di update malah error. Your sistem was modified, can not star application ğŸ¥º",1,2023-06-15 19:28:27
Walrezila Sand,Bagus dan semoga lancar selalu tidak ada ganguan..maju terus Bank Kalteng ğŸ‘ğŸ‘,5,2023-06-15 19:11:22
Ashad Saputra,"Tingkatkan terus keamanan dan kenyamanan dalam bertransaksi, tambah limit top up saldo dana. Terima kasih.",5,2023-06-15 14:28:25
Pras Towo,Lebih cepat & mudah aplikasi ini,5,2023-06-15 12:31:24
Astrid Clara,Ga bisa dibuka setelah update,1,2023-06-15 11:38:11
Nuliati Nuli,"Setelah update malah gak bisa dibuka, muncul tulisan your system was modified cannot start application, kalau gitu mending gak usah update aja,,, di-update bukannya makin baik malah error'gak support di hp android saya",1,2023-06-15 08:32:24
Z. M.N,"Setelah update tapi malah tidak bisa login, status login BERHASIL tapi menu utama tidak muncul malah kembali ke tampilan login lagi",5,2023-06-14 21:43:34
Jessaoralita Jessa,"Kenapa ga bisa masuk k apk ny ni padahal awal ny bisa sekarang kenapa jdi ga bisa. Setelah di perbaharui kok jdi ga bisa masuk ke apk nya, Tolong di perbaiki lagi sitem apk betang mobile nya! Jgn dikitÂ² eror trus.",1,2023-06-14 17:29:52
Pemkab Seruyan-Disnakertrans Kasubbag Umum,Stlh update kok tdk bs dibuka padahal ini mau transfer pas penting2 nya eh gak bs dibuka.nyesel aku update mending pake yg lama ajağŸ˜¢,1,2023-06-14 17:05:09
Franky,"Aplikasi yg sangat buruk stelah diupdate malah ga bisa digunakan sangat menghambat transaksi, sama admin disuruh uninstall & reinstall bolak balik sampe skarang ttp ga bisa. Sangat buruk",1,2023-06-14 12:31:47
Elfandy Kresna Jaya,"Minta tolong di perbaiki, setelah saya update malah error gk bisa di buka ini aplikasi!",3,2023-06-14 08:03:04
Ray Entertainment,"kenapa scan Qrisnya jadi hilang, padahal kemarin baru update adaa fitur baru ini",4,2023-06-14 05:09:07
Zul Haidir,Kakoiii...,5,2023-06-13 19:43:27
F S,Top markotop,5,2023-06-13 18:32:10
Gatot Riyanto,"Update Terbaru, error gan..yakin di lanjutin, Soalnya di Hp tertentu tidak bisa di jalankan, ""your system was modified, Cannot star application",2,2023-06-13 17:39:39
Mojo Jojo,"Update terbaru tdk support segala jenis tipe hp samsung, tolong perbaiki",1,2023-06-13 15:48:58
Mintung Napis,Transaksi jadi lebih mudah dan nyaman,5,2023-06-13 15:25:38
Raden Nino,Aplikasi kenapa di hp saya tidak bisa terbuka?,1,2023-06-13 15:18:41
antony toni,sangat membantu dalam bertransaksi,5,2023-06-13 07:10:56
Herlina Andriani,"Aplikasi yg baik, sangat membantu",4,2023-06-12 23:46:28
Widya Asparini,andai bisa melakukan pembayaran menggunakan Qris bakal lebih bagus lg,4,2023-06-12 21:18:47
Abdur Rahman,Sangat membantu bgi kami yg hidup di pedalaman jauh dari Bank dan mesin ATM..,4,2023-06-12 19:09:14
Ayu Rahmada,Buhen jida maku indownload tuh,2,2023-06-12 17:59:39
Novacia Greatnesya,Good..tp kl bisa utk mitra leasing diperbanyak biar enak bayar lgsg dr banking aza ğŸ¤­,5,2023-06-12 14:39:18
sugi anoor,mempermudah transaksi,5,2023-06-12 14:31:57
Vitado Hans Theo,Diupdate malah error (lagi).,1,2023-06-12 13:41:38
Kevint *,"Stelah diupdate Selalu ada tulisan your system was modified, cannot start aplication & aplikasi ga bisa dibuka di android 12, Gimana nih",2,2023-06-12 13:20:27
karia putra pelita,Sanngat membantu,5,2023-06-12 08:54:09
Reno Manuwu,Setelah di update gk bisa dibuka kenap?,2,2023-06-12 08:32:21
wahyu suprianoor,"Tolong segera di tindak lanjuti terkait gangguan system dan uangnya habis yang sering terjadi pada mesin ATM, terlebih kisaran tanggal 1-5.",2,2023-06-12 08:22:44
suwandi sampit,"Sebelum diupdate, aplikasi baik baik saja. Setelah ada pemberitahuan update dan saya ikuti perintah update, malah gak bisa dibuka.",1,2023-06-12 08:20:58
Anggraini Dedew,Aplikasi nya kadang error ini udh brp kali mau buka mobile baking nya gk bisa,4,2023-06-12 07:17:44
Ari Handrino,"Habis update langsung error keterangannya your system was modified apa aplikasinya yg bermasalah atau hp nya yg ketinggian type androidnya, tolong admin beri pencerahan",1,2023-06-12 06:30:19
Purwandari Purwandari,Bagus,5,2023-06-12 06:29:29
Yan Risman,"Sangat membantu, terimakasih..",5,2023-06-11 21:51:18
Niputu dhea Ratmini,Bagus sangat membantu dlm bertransaksi,5,2023-06-11 18:14:41
Maria Rambang,Sering error,3,2023-06-08 08:55:11
Husin Al-Nizam,"Mantap,membabtu sekali app nya",5,2023-06-06 18:24:36
Lesi Muliana,Bagus bisa membantu,5,2023-05-30 17:58:34
Khairil Anwar,Pembayaran pbb di betang mobile selalu terputus sudah dicoba hampir tiap hari.,2,2023-05-29 17:37:43
Ami Yadi,Ok,5,2023-05-22 09:35:00
Rosaliana,Sangat puas,5,2023-05-21 19:00:28
PUNGKY AHLUL,Setelah di update kok gk bisa login,5,2023-05-21 06:48:20
sarwan aja,Sangat membantu,5,2023-05-12 19:35:27
Boby Berkat,Turunkan biaya transaksinya dong,5,2023-05-12 17:03:08
Cece,ğŸ‘,5,2023-05-12 14:22:15
Rindra334,Next update bisa top up shopee pay,1,2023-05-12 04:18:27
Supri4dhy,"Kenapa SMS banking nya gak bisa transaksi sekarang, disuruh minta pembaharuan padahal update sudah yg terakhir.",3,2023-05-11 07:29:33
Hafizkim,Id bisa terblokir sendiri,1,2023-05-05 21:05:25
N. Riena,"Apk nya ga asyik, ya kali ganti perangkat ga bisa,mohon maaf aku kasih bintang 1 dulu,",1,2023-05-05 16:53:33
Sri Handayani,"Gk bs ksh bintang 5, sy kecewa banget sm nih aplikasi bikin banking sy terblokir ğŸ¥´ benar benar bikin sy bolak balik ke kantornya mana jauh lagi pakai antri panjang ngurus nya bikin kesel aja, mn bagian cs nya lambaaaaaaan bgt, bank nya aja gede tp cs nya cuma seiprit, tlg tambah lg bagian cs nya ya biar gk pjg antrian nya, trmksh ğŸ™",1,2023-05-05 09:05:15
Dedy Saputra Saputra,Sangat memuaskan dan sangat terbantu terimakasih lah bos,5,2023-05-04 15:24:02
Risna Wty,"Tidak bisa digunakan aplikasi ini setelah ganti hp,,,0",1,2023-04-30 16:53:45
Rudiyansyah Cannel,"Sangat membantu sekali, lebih memudahkan transaksi apapun..",5,2023-04-17 12:38:18
Rama Dan,Mantap sangat mendukung,5,2023-04-14 12:58:32
astoborneo,Mantab dan sangat membantu sekali.. agar ditingkatkan lagi menu layanannya seperti Bank BUMN.. dan juga agar pembayaran online (QRIS) wajib ada pada Betang Mobile ini karena sudah kebutuhan utama.. ğŸ™ğŸ™ğŸ‘ğŸ‘,5,2023-04-04 17:23:04
TRX 2021,ğŸ‘,5,2023-04-04 15:15:44
Koleksi Karaoke Terbaik,Sayangnya belum bisa membuka rekening melalui aplikasi,1,2023-04-03 11:50:59
Noorhidayah Noorhidayah,"Kenapa ya app nya sering error' sabtu 1 April 2023 kemaren saya transfer ke bank berbeda resi transaksi ""berhasil"" dan saldo sudah dipotong tetapi, sampai sekarang belum masuk transferannya ke rekening tujuan. Mohon untuk ditindak lanjuti.",4,2023-04-03 11:34:09
Kwager M. Putra,"Sangat membantu, mantap ğŸ‘ğŸ»ğŸ™ğŸ»",5,2023-03-23 17:36:06
Dapur Mommy,UserID tiba2 terblokir,2,2023-03-14 21:53:47
Must Virgo,Aplikasi nya sering eror....padahal jaringan WiFi aman.. dan sering minta registrasi ulang....ğŸ¤”ğŸ¤”,1,2023-03-11 06:26:22
Norjali Jali,Setelah di update Gak bisa top up dan transfer ğŸ˜ªğŸ˜ª,1,2023-03-06 07:16:54
Denni Nuari,Mau tf gangguan .. jaringan padahal tidak ada masalah ..,1,2023-03-04 10:30:48
Edhenz Park,"Eror mulu,,, gangguan koneksi !!! Pdahal app lain aman saja",1,2023-03-04 02:41:14
Nova Novita Sari,"Bagus sih ,cuman kalo ada keperluan mendesak kalo udh tinggi malem ga bisa d pake mobile Betang nya ..kalo males keluar malam berlaku jam 00.00",2,2023-03-04 01:46:42
RAKHA HAYA,sering gangguan..apalagi tengah malam..,3,2023-03-03 23:54:47
Aziz_KanChil_ Official,Sering eror. Pas lagi perlu juga sering eror. Jaringan WiFi bagus tapi disconect mulu,2,2023-03-02 10:12:46
AYA MARUPIN,"Maaf min bintangnya saya kurangin jadi satu aja, krn aplikasi ini sering eror tiba2 userID saya langsung terblokir gara2 saya paksain masuk, dan disuruh langsung datang ke kantor cabang terdekat, udah datang buat reset ID disuruh nunggu sampai jam 1 siang dari pagi, udah nunggu gitu kode OTP susah sekali masuk, sudah minta sampe 3x eh ID diblokir lg, sangat2 menyusahkan sekali terutama untuk org yg tempatnya jauh dari kantor cabang. Emang gak bisa ngurusnya online saja begitu.",1,2023-03-01 13:54:35
Taufik Hidayat,"Dalam 1 bulan ada 2 kali pemotongan saldo, waktu pertama buka rekening masukin dana 100 ribu, setelah 3 hari kemudian ada pemotongan 65. Ribu..., Kemudian masih dalam bulan yg sama, ada lg pemotongan sebesar 3500 , Ini kiraÂ² pemotongan apa ya...? Gak seperti Aplikaai Bank Lainnya, setiap bulan ada pemotongan cuma 1 kali utk biaya ATM",1,2023-02-27 06:56:35
Anes Yohanes,Sayang memudahkan dlm transaksi.,5,2023-02-26 17:55:28
Afrinando Agus,"Ini kenapa ya beli pulsa dan top up sedang diproses, saldonya sudah dipotong tapi gak masuk",3,2023-02-07 19:22:58
Handoko Han,Ikut mau nabung.,5,2023-02-02 14:21:21
Aini Aai,Mantap lah..,5,2023-02-01 10:40:20
Rio _010 Basyar,Good ..,5,2023-01-31 13:58:00
Raniah Rahmawati,Tambah menu Qris plis,4,2023-01-29 19:48:50
subliansyah,"29/01/2023 admin bulanan januari naik dr 7500 menjadi 10000, hedehhh sudah tf antar bank mahal fasilitas kurang adminnya dinaikin lagi,, ampunn ampunn",4,2023-01-29 13:58:01
Fratama Jossy,ğŸ‘ğŸ‘ğŸ‘ğŸ‘ğŸ‘ğŸ‘,5,2023-01-21 22:22:40
Kurniawaty,Terbantukan dengan adanya aplikasi ini dalam hal pembayaran berbagai keperluan terimakasih banyakğŸ™ğŸ™ğŸ™,5,2023-01-12 20:15:37
Agus Ekosupriyanto,Praktis,5,2023-01-12 10:38:46
HERNEDI,"Status transaksinya gagal tetapi kenapa saldo saya tidak kembali, transaksi tgl 11-01-2023",3,2023-01-12 00:57:01
Naumi Colpad,Ini tlg dijaga,3,2023-01-10 10:23:56
FERRY SONI,Bagus sekali,5,2023-01-09 22:55:08
Rizky Maulani,Luar biasa.. Mantap,5,2023-01-09 09:27:17
Baihaqi. Spdishmhum Baihaqijok,Hidup,1,2023-01-08 00:15:02
Chery Marantina,Betang Mobile memang sangat membantu saya dlm segala hal tp hanya satu yg ingin saya tanyakan apakah aplikasi pembelian pulsa yg ada di Betang Mobile bs di tambah nilai nominal nya soalnya kmren saya mau beli pulsa yg nilainya Rp 10000 dn Rp 20000 tdk ada,5,2022-12-30 03:41:05
EttyJido Marwah,Kenapa saya tidak mendapatkan kode otp,5,2022-12-26 00:40:43
Sam Cahyo,tambahin topup shopee dong min,2,2022-12-17 18:01:28
Dedy Saputra,Mudah buat transaksi di setiap saat .,5,2022-12-14 19:06:24
Dandi Adi Saputra,"Sangat membantu sebelum ini ,tapi Tolong Untuk Nasabah yg lam seperti saya Jarang Buka Apk,Knp Tidak bisa Login Harus Registrasi ulang lagi",4,2022-12-10 00:23:50
Ayyubi Net,Percuma basis mobile jika masih daftar no hp mesti ke bank jg.,1,2022-12-04 16:42:22
Daniel Menggala,Mantap,5,2022-12-01 22:47:32
Ref,makin mantapğŸ‘,5,2022-11-25 17:36:05
Herlin Elviana,Belum bisa top up ke shopeepay,2,2022-11-25 08:38:17
Aris Kurniawan,Mantap mang,5,2022-11-17 21:05:14
Here Maranga Official,Mantap,5,2022-11-16 19:16:28
Ramma Ramma,Bank Kalteng makin ok,5,2022-11-16 09:39:41
Lepi Akangz,"Aplikasinya sangat membantu, tetapi baru kemaren saya melakukan 2 kali transaksi sampai sekarang uangnya gak masuk-masuk k Top Up Dana. Saya cek di riwayat transaksi ""Transaksi sedang di proses"", padahal saya coba melakukan transaksi lain lagi dan berhasil tapi dengan jumlah uang yang sedikit. Tolong segera di proses transaksi saya di tanggal 14 dan 15 November kemaren. ğŸ™",3,2022-11-16 09:08:09
parmonoe noe,Saya suka aplikasi nya tingkatkan,5,2022-11-15 11:38:13
Muhammad Taufik,Mantap,5,2022-11-15 06:22:41
Jual Pempek S-Best Palangka Raya,Selalu update untuk layanan perbankan dan memudahkan nasabah,5,2022-11-14 15:40:27
SUPRIADI Purnajaya,"sangat sangat membantu dalam hal transaksi pembelian,pemberitahuan dan cek uang masuk dan keluar. cuman kendala sinyal yg kurang bersahabat.",5,2022-11-14 13:45:15
VAY CHOSSTER,"Terima kasih Betang Mobile App ini sudah lama ditunggu2 dan dinanti2, sangat berguna dan membantu memudahkan urusan transfer dan trnasaksi lainnya...ğŸ‘ğŸ‘ğŸ‘Œ",5,2022-11-13 19:56:19
Rumite SPd,Betang Mobile is the best,5,2022-11-12 21:55:54
Salappudinnor salappudinnor,"Sangat membantu transaksi perbankan secara online, karena bisa dilakukan dimana saja dan kapan saja.",5,2022-11-12 18:13:55
Yuni Yulliantin,Aplikasi sangat mudah untuk transaksi,5,2022-11-12 17:13:04
ANTKUR Official,Aplikasi yang sangat membantu....,5,2022-11-12 17:00:14
Lela mamahayra,sangat sangat membabtu saya yg jauh dr kota,5,2022-11-12 13:21:38
Hendra Kurniadi,Terima kasih ğŸ™ğŸ»,4,2022-11-12 08:40:43
Sri Yuliani Yayu,"Sudah oke banget, apalagi nanti ditambah Qris lebih oke lg. Fiturnya selalu berkembang. Jaya selalu Bank Kalteng ğŸ‘",5,2022-11-12 07:10:38
Pegatan Channel,manTul az ya,4,2022-11-12 06:39:03
A2N,Berharap pembayaran PDAM KUALA KAPUAS bisa dilakukan lewat aplikasi ini,4,2022-11-11 15:34:12
supri selalu setia,Mantap bank kalteng. semoga tuk kedepannya bisa digunakan tuk pembayaran brivağŸ™ğŸ™,5,2022-11-11 14:29:37
Akhmat Yani,Ok,4,2022-11-07 10:44:39
yani lepi,Memuaskan,4,2022-11-04 05:22:58
SDN JAGAR,"Sejauh ini cukup membantu... Pembelian token PLN, pulsa, dll bisa lewat apk ini.",5,2022-10-31 10:04:16
Pilih T. Manan,Kenapa setiap dilakukan login selalu minta register sementara saya di pelosok jadi susah kalau register ulang karena tidak ada jaringan telkomsel,5,2022-10-26 11:44:49
Akhir Udin,Betang Mobile gmna caranya agar saya bisa Membuka blokiran mobile banking sya..,1,2022-10-20 12:30:20
Wirani Hartaty,One bingitttğŸ‘ğŸ‘ğŸ‘ğŸ‘,5,2022-10-15 17:47:03
ARIS AHKRIZAN,Ini kenapa no rekening 16 digit ga bisa di daftar ya,2,2022-10-12 08:01:53
Rina Andriani,"Sangat membantu dan mempermudah saya dalam pembayaran tagihan PLN, PDAM, dll Akses lancar, tidak ada gangguan Terimakasih BPK",5,2022-10-06 05:50:42
Bintang Cell,Lebih mudah buat transfer,4,2022-10-04 09:37:22
Popo Sulaksono,Semoga semakin diperbayak lagi untuk fungsi multifinancenya untuk belanja online ğŸ™,5,2022-10-03 11:25:55
deby debyta,Puas,5,2022-10-03 10:40:06
Rivanva B.,"Ni app kadang kadang, sblumnya username pake karakter bisa stlah it ga bsa lagi",2,2022-10-01 16:33:45
Muhamad Riswandi,Untuk top up ke dana di limit per transaksi,3,2022-10-01 11:56:34
Agustina Eka Ningsih,Bank kalteng semakin oke ya,5,2022-10-01 09:57:17
Ahmad Sulaiman,Gagal koneksi,5,2022-10-01 05:42:16
Nina Trimurni,"bisa melihat saldo ,cuma sayang saat ada pulsa saja.",3,2022-10-01 00:47:57
dsmlta,Ok bgt,5,2022-09-30 19:12:20
umiz Hiejua,Mantap,5,2022-09-30 13:06:48
martin gunawan,Lumayan mudah dalam bertransaksi untuk harapannya kedepan buat menu pembelian paket data dilengkapi operator seluler yang lain jangan cuma Indosat sama Tsel aja ada XL dll thanksğŸ™ğŸ™ğŸ™,5,2022-09-29 19:22:15
Yulia Carolin Carolin,Good,4,2022-09-28 18:40:29
Supian Nedy,Mohon maaf sebelum nya aplikasi nya kurang berpungsi karna sering error saat login sering gagal dengan keterangan (silahkan registrasi ulang pada device ini ),1,2022-09-28 11:00:04
Kota Air,Selama menggunakan betang mobile Alhamdulillah sangat membantu sekali dan tidak ada kendala...ğŸ‘,5,2022-09-28 07:19:21
madan s,Sangat mudah sangat membantu,5,2022-09-27 20:14:50
Endang 0683,"Saya kasih bintang ğŸŒŸğŸŒŸ karena setiap kali login gagal terus dan minta registrasi ulang, dan saya coba tetap nggak bisağŸ˜”",2,2022-09-27 17:23:04
Yohanes Adi Agus Suwono,Membuat mudah,5,2022-09-27 10:50:03
pindri uhing,mantap,5,2022-09-27 10:47:47
Aria GR.,Mudah,5,2022-09-27 06:36:56
Ririn Efriani,"Transaksi saya jadi lebih mudah,saya suka aplikasinya.Semoga kedepannya makin ditambah lagi jenisÂ² pelayanannya.",5,2022-09-27 06:14:11
Tulus Jodi Pratama,Sangat puas,5,2022-09-26 21:13:34
Didi Didi,Cukup puas dengan aplikasi ini,5,2022-09-26 20:19:29
Febri Purbankara,Lumayan terbantu dengan aplikasi ini,5,2022-09-26 18:38:34
Mardedi Adi,Bagus,5,2022-09-26 18:05:34
Robby Laksa,MantuuuuuulğŸ‘ğŸ‘ğŸ‘,5,2022-09-26 16:55:41
Kaspul Anwar,Sayang saya bbrp kli menggunakan diluar daerah kalteng tdk bisa digunakan aplikasinya,2,2022-09-26 15:25:26
D.K.n nawi,Pokok e ğŸ‘ŒğŸ‘ğŸ™,5,2022-09-26 15:10:33
Arnado 123,"Sangat bagus, cuma belum ada sistem pembayaran BI-FAST",4,2022-09-25 20:59:30
Iwan Setiawan,Mantap,5,2022-09-21 16:03:37
Zoma,Aku kasih 4 dulu karena ada kendala pas masuk. Padahal udah registrasi sms banking tapi gak bisa registrasi di Aplikasi Betang Mobile.. Mohon bantuannya,4,2022-09-13 21:56:03
Muhammad Rafik,"Maaf, Kenapa tidak ada notifikasi gajih masuk melalui aplikasi Betang Mobil?",5,2022-09-02 01:24:59
Abdus Salim,Baik,5,2022-08-30 10:14:46
David Kusuma,"Transaksi tidak bisa dilakukan, selalu ada pesan error",2,2022-08-18 11:30:26
Vivo Spt,Coba dulu,5,2022-08-09 10:26:54
Habib IN,Tidak bisa registrasi karena jumlah input angka pada input nomor rekening kurang sehingga tidak bisa diketik untuk mengetik semua nomor rekening,1,2022-08-09 10:07:51
Andari Dari,semoga tidak mengecewakan,4,2022-08-05 16:58:28
Azizah Ummi,"Gimana cara registrasinya? Masa suruh masukin norek 13 digit, sedangkan di butab norek nya ada 16 digit",1,2022-08-05 00:38:48
Triyana siyah97,Lagi ganguan koneksi ya,3,2022-08-03 19:06:25
fajarSuriadi,"kenapa aplikasi ny saat ingin transfer ke bnk lain atw beli pulsa ada tulisan ""No rekening belum terdaftar"" dan ""No hp belum terdaftar"" kira2 maslahnya dimana ya,, sblum update kmren lancar2 jaya, pas update malah kyk ad bug",3,2022-07-31 20:19:40
sionok fs,bagaimana caranya kalo nomer hp yang tertera di buku rekening sudah tidak terpakai lagi.mau daftar harus mengunakan nomer itu?terimakasih,4,2022-07-31 19:17:20
Firman Son,Trims,4,2022-07-25 20:27:13
Mardani Anggen Gani,"Mantul tingkatkan terus, jayalah Bank Kalteng",4,2022-07-24 13:07:51
Realme C15,Apakah bisa membuka rekening bank Kalteng melalui handphone,3,2022-07-23 11:54:31
yeti meilani,Seandainya di Betang mobile emoneynya ada shopeepay ğŸ¤©,4,2022-07-22 10:22:57
Darmadi Adi,Bagus,5,2022-07-20 17:46:12
lusy setiawati,Cepat,5,2022-07-20 15:05:42
Rashid Al-Ayyubi,Sangat mmbantu,5,2022-07-19 20:01:53
Ridha April Yanti Dewi,Google job,4,2022-07-13 10:35:46
esti ana,cuma 1 kekurangannya Gak bisa dipakai topup shopeepay,5,2022-07-13 08:35:54
Ana Wati (Diang Gambah),"Bank Kalteng Mantullll,..ğŸ‘ğŸ‘ğŸ‘ğŸ‘â™¥ï¸",5,2022-07-12 22:34:02
B4BE _BR1,Semoga Berkah & sllu lancar (aamiin)ğŸ¤²ğŸ¤²ğŸ¤²...Bank Kalteng Ok punya_Mantap BetulllllğŸ‘ğŸ‘ğŸ‘ğŸ‘,5,2022-07-12 22:31:24
HAMZAH KOBAR,Mudah,5,2022-07-12 21:17:46
MUJIYONO MASYON,membangun budaya menabung,4,2022-07-12 17:34:24
Tatae SPd,ğŸ‘,5,2022-07-12 17:33:30
Heppy Peronika,Sanggat membantu dlm bertransaksi,5,2022-07-12 13:52:42
Arif Rahimi,Sangat memudahkan utk Saya karna biasa transaksi secara cashless,5,2022-07-12 08:38:38
ahmad sayuti,Sangat membantu,5,2022-07-11 21:26:00
Aspianor Iwang,"Dengan adanya aplikasi betang mobile untuk pembelian pulsa dan payar pulsa pln mudah,,",5,2022-07-11 20:24:27
setya putra,Cukup mudah menggunakan nya,5,2022-07-11 19:18:36
sinarto Lawin,Cepat/enak transaksinyağŸ‘ğŸ‘ğŸ‘ğŸ‘ğŸ‘,5,2022-07-11 12:05:37
Ani Marni,Pakai Betang mobile mau transfer dan bayar listrik jadi mudah semoga kedepannya bisa juga untuk bayar cicilan kredit di FIF... jadi nggak perlu repot-repot lagi bayar di Indomaret.,5,2022-07-11 10:10:54
Romadi 1982,Sangat bermamfaat,5,2022-07-11 10:02:53
Gazali Rahman,Mantap,5,2022-07-11 08:40:07
Mr. Romeo TV,Bermanfaat,5,2022-07-10 19:08:51
juwita togatorop,the best,5,2022-07-10 17:56:52
Riniyunisha rini,Bintang 5 berbicara,5,2022-07-10 14:06:55
HASANUDDIN MS,Alhamdulillah bÃ nyak berubah bank Kalteng semoga tambah prima melayani nasabah,5,2022-07-10 13:52:28
optsdn tamiang,Terbaik dan terdepan.,5,2022-07-10 08:50:42
Seprianto Sepri,Ok mantap,5,2022-07-10 00:54:23
ali murjani,Aplikasi nya cukup membantu kemudahan dalam Transaksi.,4,2022-07-09 19:09:57
Intan Randu,Lumayan memberikan kemudahan kepada publik/nasabah bank KALTENG.,4,2022-07-09 17:32:18
Didin Enha,Bank Kalteng memang TOP,5,2022-07-09 09:36:51
Alam Sahta,Sangat membantu ğŸ™ğŸ™ğŸ™,5,2022-07-09 08:11:48
Mr Gan,Sangat membantu untuk nasabah dalam bertransaksi,5,2022-07-09 07:25:19
Kusnadi Nadi,Ok,5,2022-07-09 07:04:45
Saryanto,Ok,5,2022-07-09 05:57:55
mario aruan,Mantap,5,2022-07-08 23:30:12
Wayan Ershi,Sangat bagus,5,2022-07-08 21:58:28
Ryan lutfi,"Sdh mantap, pertahankan",5,2022-07-08 20:10:04
Siti Nurhayati,Baru mau coba,2,2022-07-08 19:38:24
Dwi Yanto Mathias,Mantapp,5,2022-07-08 18:24:09
Poltak Sutami,Baik,5,2022-07-08 18:08:38
Dasikin Yos,Kemudahan dalam penggunaan,5,2022-07-08 16:55:21
andie asin,Cepat dan aman,5,2022-07-08 16:47:25
Masrian,Untuk pembelian pulsa telepon sering gangguan.,4,2022-07-08 16:30:38
Ahmad Wapa,"Sangat membantu sekali, saya tidak usah jauh2 transfer uang atau beli pulsa cukup dgn aplikasi betang mobile semua jadi beres",5,2022-07-08 14:45:04
Yan Abbas,sekarang saya puas makai aplikasi ini,5,2022-07-08 14:08:56
Shafira Amelia,Sudah mulai d tingkatkan pelayanan,4,2022-07-08 13:38:40
Wanto Ampeng,Mantap,5,2022-07-08 12:30:12
Risa Risaniwati,"Mempermudah proses, kebutuhan kami, ğŸ™ trimakasih",5,2022-07-08 12:07:13
Mr Kim (Lie),Penggunaan mudah dan aman,5,2022-07-08 11:32:51
Kaltengnews TV,Top,5,2022-07-08 11:08:23
Roby Sosilo,"Ayu hapan je ayun itah,,",5,2022-07-08 10:59:09
Inriaty Karawaheni,"Bertransaksi sangat mudah, dan sagat membantu sekali terimakasih",4,2022-07-08 10:16:59
Hilda Sampit,Sangat membantu memudahkan dalam bertransaksi,5,2022-07-08 09:02:38
Chornelia Oktaviana,Memudahkan,5,2022-07-08 08:37:04
Dedek Sunarya,Bank kalteng selalu jaya..ğŸ’ªğŸ’ª,5,2022-07-08 07:24:45
WIWIN SETYAWAN,Mantap,5,2022-07-08 07:20:51
Wahyu Arifin,Sangat memmuaskan dan bermanfaat,5,2022-07-08 06:59:59
AHMAD HUSAINI,"Jadi mudah bila mau bertransaksi dengan adanya App Betang Mobile, terimakasih.",5,2022-07-08 06:25:54
Lipinus SE,Mantap,5,2022-07-08 06:01:18
arno saputra,Mantapp,5,2022-07-08 05:37:48
23. SENI GANTIANI,Semua transaksi ada di dalam gemgaman dan dengan Betang Mobile semua transaksi jf mudah dan cepat.,5,2022-07-08 05:25:48
Maria Rampun,Mudah dan Sangat membantu,5,2022-07-08 05:04:33
saedispd 1990,Mudah di gunakan...,5,2022-07-08 04:52:37
Ike Lak Man,"Mudah dalam bertransaksi, tapi biaya admin sedikit mahal",5,2022-07-08 04:27:44
Jun Junaidi,Memudahkan untuk transfer terima kasih bank kalteng,5,2022-07-08 01:25:30
Ekat Wangun,Sangat bagus,5,2022-07-08 01:05:54
Remi,Mantap,3,2022-07-08 00:20:46
ikamz wijayanti,Kereeeeennnnn,5,2022-07-08 00:07:50
Oppo Batur,terlalu sulit bg kami lansia utk buka,1,2022-07-05 07:50:29
ARKANI,good,5,2022-06-23 13:19:50
Andreas eldi Putra,Kenapa g bisa daftar mbangkin lewat hp,2,2022-06-22 22:49:20
Izar Sariyanto,Mudahan bisa SMS banking,4,2022-06-09 21:51:37
Erik Saputra,"Udah sering gunain ini apl untuk Tf dll, dan sekarang Permintaan aplikasi suruh registrasi, saya udah registrasi ulang tapi kenapa udah 3 bulan kode OTP nya belum di kirim?",5,2022-06-06 13:34:26
nanda dia,"Admin kalo bisa secepatnya diperbaiki Apk gak bisa dibuka, katanya gangguan koneksi",1,2022-06-04 15:06:31
Amika Pky01,"Daftar ngga bisa rekening salah, padahal sudah benar no rekening nya.. kenapa??",3,2022-06-03 06:11:55
Suriansyah Vivo,Mantap semua serba mudah sekarang..,5,2022-06-01 06:39:01
pahnur 11,Cukup membantu,5,2022-05-30 10:03:19
Irfan J. Saputra,Setelah update Fitur sidik jari gak bisa di akses,2,2022-05-24 16:47:49
Noorhidayah Noorhidayah,ğŸ‘ğŸ‘ğŸ‘ğŸ‘ğŸ‘,5,2022-05-21 23:22:36
Fajar Taufiq,Sangat bermanfaat,5,2022-05-21 13:10:46
Sunardi Kamipang,Aplkasinya tidak bisa dibuka,5,2022-05-20 07:31:54
BINAWAN,Transaksi lebih mudah dgn adanya aplikasi ini...,5,2022-05-19 18:50:04
Letus Tarung Anggraha,Mohon tambah kan fitur pembayaran e money link- aja,4,2022-05-18 19:00:37
EdWard,Mantap,5,2022-05-18 16:35:53
Muya Saroh,"Aplikasi semakin bagus, untuk yang bermasalah login bisa di update apk nya",5,2022-05-18 09:42:45
Jaini SSos,Sangat membantu dlm bertransaksi,5,2022-05-17 17:54:07
Mahiang Dehen,Mudah digunakan,5,2022-05-17 17:39:22
Yur Mia,Membantu benar,5,2022-05-17 10:13:19
Cucu nurhayati,ğŸ‘ğŸ½,5,2022-05-16 11:25:39
Rian Riano,"Kenapa mau login ,,ganguan koneksi dan server eror",2,2022-05-16 11:25:36
Yosep Agus Purwanto,Mantaaap,5,2022-05-15 11:44:43
Acha Fefeichanel,sangat membantu,5,2022-05-15 05:30:27
Oscar Rama,Bagus aja,5,2022-05-15 01:25:45
RUDI AGUS KARYAWANTO,"Terima kasih, aplikasi nya bagusğŸ‘ FiturÂ² nya ditambah ya biar tambah kerenğŸ‘ğŸ‘ğŸ‘",5,2022-05-14 11:26:03
Hepy Kamis,Sangat membantu,5,2022-05-14 05:20:36
Faizal Nurdin,Bank kesukaan anak kalimantan,5,2022-05-13 23:21:15
Yan Dedi Dedi,Cukup membantu,4,2022-05-13 19:45:45
Ivana Monalisa,"Admin..kenapa ketika ingin login ke aplikasi, gangguan koneksi terusğŸ˜Œ",4,2022-05-13 15:57:28
Samsugg Samsungg,Mantap,5,2022-05-13 15:28:53
Anggia Murni,Oke banget,5,2022-05-13 13:56:31
Vivin Alsa,Mantap,5,2022-05-13 13:35:19
Irka Muliyanty,"Alhamdulillah.. mudah digunakan, penggunaan aplikasinya juga lancar.. mdhÂ²n bisa trus ditingkatkan.",5,2022-05-13 13:01:38
raizal zal,Suka,5,2022-05-13 11:38:35
Diskominfo Santik,"Sangat membantu, tingkatkan jaringan untuk bisa di akses di semua aplikasi transaksi digital",4,2022-05-13 09:38:33
misbah sadariah,sangat membantu sekali utk transaksi keuangan,5,2022-05-13 09:24:59
Feri Supriadi,Ok,5,2022-05-13 09:12:22
Sumiarso Arso,Sangat membantu dan hemat waktu,5,2022-05-13 08:46:02
Frengky Frengky kurniawan,Aplikasi itu tidak baik,1,2022-05-13 07:25:53
Fotocopy HADI,Sagat membantu,3,2022-05-13 06:56:18
Anggraeni Faot,Sangat membantu,5,2022-05-12 23:28:01
Annisa ika,Mantap,5,2022-05-12 21:57:46
Yurisman Agusogianto,Sangat penting dalam keadaan yang normal,5,2022-05-12 21:42:46
dosiagusprori prori,Sangat bermanfaat,5,2022-05-12 21:38:36
Sabtun Wati,Sangat membantu,5,2022-05-12 20:52:49
Sri Yohana,ğŸ‘ğŸ‘ğŸ™ğŸ™,5,2022-05-12 20:08:08
Roni Rswnd,Mungkin untuk pengisian saldo emoney nya bisa di tambah fitur nominalnya bisa di custom,4,2022-05-12 03:14:40
Vetricia Gandrung,Klo login selalu gagal koneksi,3,2022-05-11 18:08:14
surya eljawy,Memudahkan transaksi,5,2022-05-11 09:17:36
Melki m ahad Melki,"Aplikasi ngak bisa di buka,, ganguan koneksi terus,, tolong bantuanya admin..",1,2022-05-10 22:41:59
miranda febriana,ok,4,2022-05-09 05:59:51
Pebriana Yulisa,Naisssss,5,2022-05-08 11:18:05
Dedi Ahmadi,Tambahkan layanan pembayaran pajak ranmor,5,2022-05-08 10:47:11
Nur Aryanti,Hampir tidak ada kendala dlm penggunaan aplikasi. Mantap.,5,2022-05-08 07:33:15
Hairul Ukhuwah,Minta tolong perbanyak SC/Teller nya/admin pelayanannya..masa saya antri dr jam 9 sampai Ashar....masyaallah minta tolong ja ditambah.apa lagi bang Daerah.semua pegawai memakai jasa nya.biar lebih efisien..mnt tolong Banar....biar kita sama2 enak..semangat untuk perbaikan...,2,2022-05-07 19:42:41
Buya 3M,"Alhamdulillah, sangat membantu, mudah, sederhana dan sangat bermanfaat,,,",5,2022-05-07 12:26:15
Satria Kps,Mudah dalam transaksi,5,2022-05-07 08:12:40
Abdi Septiawanoor,Very good,5,2022-05-06 20:09:36
Atehmu,Tingkatkan lebih lagi,4,2022-05-06 19:49:46
Cendewi Cendewi,setiap di klik aplikasinya lgsg keluar sndri. di update ga bisa. apakah koneksi? tp sinyal bagus2 aja padahal mah,1,2022-05-06 16:19:47
Eka Kumala. S,Suka sama aplikasi nya. Respon cepat dan praktis,5,2022-05-06 14:06:00
kusnatul mufidah2020,Lup,5,2022-05-06 13:02:15
kris tian,Sangat bagus,5,2022-05-06 11:55:17
THE SOUL,Mantap,5,2022-05-06 11:36:44
Tasrifah asip,Memudahkan dan mempercepat segala urusan,5,2022-05-06 10:58:01
Ada Ada,Mohon pencerahannya kok tiba-tiba aplikasi nya keluar sendiri terus,1,2022-05-06 08:01:44
Lukmanul Hakim,Gk bisa dibuka. katanya gangguan koneksi padahal koneksi internet lancar.. Semoga cepat diperbaiki,1,2022-05-06 04:14:38
ajho abel,"Kenapa selalu restrart aplikasinya, tidak bisa login, keterangannya ""Gangguan Koneksi""",1,2022-05-06 00:18:16
Fdr 026,"Tgl 5 hari ini aplikasi tidak bisa dibuka sama sekali padahal lagi penting2 nya, keterangannya kalau di klik ""gangguan koneksi"" tolong cepat diperbaiki karena kami jauh dari ATM dan ktr cabangnya",1,2022-05-05 23:30:25
Menabudiman Mena,Sangat baik,1,2022-05-05 23:02:25
supian syah,Koq skrg gk bisa di buka ya ada keterangan gagal koneksi pdhl koneksi internet bagus aja gk ada masalah mohon sgra di benahi dan di perbaiki gk bisa di buka,3,2022-05-05 20:11:49
Yonni Deru,"Gangguan koneksi terus,,,kenapa???",2,2022-05-05 18:43:39
Armiah Azis,"Kenapa pas buka app betang mobile, tetiba tertutup sendiri ya ? Terus ada keterangan gangguan koneksi? Baru hari ini sih",3,2022-05-05 16:39:56
Rizki MFazri,"Kenapa gangguan koneksi, padahal jaringannya bagus",2,2022-05-05 16:07:42
Masrie Natasya,Kenapa ini blang gak fungsi punya saya,3,2022-05-05 11:59:30
Anindya Arum Miranti,Kok tidak tiba2 ga bisa masuk???,4,2022-05-05 10:34:42
Giovanni Gifar,Kenapa gangguan Koneksi ya?,5,2022-05-05 09:12:22
Then Hai Pin,Kenapa admin saat melakukan login ke aplikasi tidak bisa. Dengan keterangan gangguan koneksi. Sudah melakukan updet tapi tetap saja.,1,2022-05-05 08:29:59
Sapini,Mohon bantuan setiap buka aplikasinya gangguan koneksi padahal sinyal kuat.ğŸ™,1,2022-05-05 07:25:23
Rakhmad Sucahyo,Bagus aplikasinya tingkatkan terus dengan metode pembayaran yg lain,5,2022-05-01 15:43:43
Hch Ttyf,"Pengalaman saat di bank Kalteng kecamatan hampir 3 jam saya antri untuk buka accaunt rekening baru dan bukan hanya saya tapi hampir semua seperti itu. Untuk pelayanan sudah baik dan ramah banget. hanya saja kurang efisien antri terlalu lama.seharusnya cepat seperti bank bank lainnya jangan mau kalah biar bank daerah tambah maju.ayo berbenah Nb.(teller hanya satu yang melayani ,pembuatan accaunt cuma satu kedepan ditambah donng)",2,2022-05-01 08:13:31
Sujargo,Pokoknya mantap ğŸ‘ğŸ‘ğŸ‘,5,2022-04-29 17:22:41
Rey Rian,Hati2 kalau ngisi paket internet di sini status gagal tpi uang nya kepotong ğŸ˜¢,5,2022-04-28 21:58:05
Mukyar,Kenapa setiap mau login ada pemberitahuan diminta register ulang,3,2022-04-27 21:36:50
Yoan Alfriko,Sangat memuaskan...,5,2022-04-27 19:23:19
Seli Dewi Fristi,Ok,5,2022-04-19 20:00:14
Ud. Lock,Error terussssssssssss.........,1,2022-04-18 15:11:31
Wahyudin Gowasa,"Maaf sebelum nya saya,,, gak bisa registrasi..no rekening 13 dijit di batasi 13 dikit...sementara no rek kening saya 16 dijit ...mohon bantuan nya gan",4,2022-04-18 13:23:03
Yudi Hilman,Kok pertanggal april 2022 aplikasi ini tidak bisa digunakan?,1,2022-04-04 15:22:40
Sugi Sugian,Mantap,5,2022-04-02 22:09:50
Sadrakh Balinga,"Keren, ada penambahan VA, masukan selanjutnya apakah mungkin untuk betang mobile menambahkan fitur untuk pembayaran pajak dari e-billing. Terimakasih",5,2022-04-01 17:32:51
Rabiatul Adawiyah,"Tidak berguna, masa no mbangking di bilang tidak terdaftar,pdhl SDH bertahun2 dan masih aktifğŸ˜‚",1,2022-03-31 14:04:28
Firdaus Sancha,"Mohon penjelasan: kenapa sewaktu-waktu saya membuka, menjalankan applikasi ini tidak bisa di jalankan dgn keterangan, Login gagal harap registrasi kembali"" emang harus ya setiap menjalankan applikasi ini setiap itu pula kita registrasi ulang berkali-kali???atau, Apa kah sistem operasional applikasi Betang Mobile ini tidak bisa membaca, mengevaluasi data2 nasabah, pengguna yg sdh terdaftar di aplikasi??",1,2022-03-31 12:22:05
Doc On Holliday,Tolong Tambahi juga TOP Up Linkaza,5,2022-03-18 10:00:54
Infinix Sembilanbelas,"Buat iOS/iphone belum ada, mudahan secepatnya dibuat khusus ios",3,2022-03-18 09:04:16
Victor Yoga,Saya senang transaksi cepat ngga ribet,5,2022-03-10 09:59:09
Mandi Vera,Sangat membatu,5,2022-03-09 20:02:01
Imunita Handi,"Aneh saya mendaftar dibilang belum terdaftar sms banking,pdahal nyataÂ² jauh hari sudah satfar sms banking sbelum dowload apk ini",1,2022-03-02 11:27:51
Taufik Yanhari Pratama,"Mau login ulang, minta Kode OTP aja susah amat",2,2022-03-02 10:07:41
iwar naifa,Ok,5,2022-02-23 10:55:30
Eva JJ Sakban,"Nyaman buat transaksi,, i likeğŸ˜ŠğŸ‘",5,2022-02-22 17:38:40
Rum Bandi,Sering salah pin,5,2022-02-22 00:41:33
Sah Bana,"Bank kalteng, maju terdepan luar biasa!!!",5,2022-02-13 22:20:41
Wendi Prayudi,"Tolong di update lg App ini, karena tidak bisa transfer ke BSI",3,2022-02-08 20:43:06
vijze crentz,Hai...mau nanya.. Kenapa no rek kita di buku tabungan dan di aplikasi betang mobile berbeda ??? Terima kasih,5,2022-02-03 18:05:08
surya tangguh,Mantap,5,2022-01-27 06:42:42
Azhar Hidayat,Kenapa untuk top up shopeey pay ga ada,5,2022-01-24 20:45:59
Yusep T. Aceng,"Maaf mohon ijin tanya gimana mendpt info transaksi dana masuk - keluar atau debet-kridit, trims ğŸ™",1,2022-01-24 07:28:12
Morgan Lee,Mohon di evaluasi lagi utk aplikasi betang mobile belum bisa di download utk pengguna iphone. harapannya segera bisa. biar memudahkan juga utk pengguna iphone,3,2022-01-22 08:55:10
dina naura,"Aplikasi ini sangat bagus, jdi sya bisa melihat dari mana uang masuk kluar. Maju terus bank kalteng",5,2022-01-19 10:55:20
Ardhu Utama Saputra,Muantap,5,2022-01-18 09:15:06
Mardianto sepang,Ok,5,2022-01-18 04:55:13
Venn V1,"Ok dan mantap,..sayang mau cek mutasi di periode yg agak lama tdk bisa...",5,2022-01-12 10:56:32
Sehat Sigiro,Good,5,2022-01-10 10:16:15
ade pajar pirdianto,Luar biasa,5,2022-01-10 08:57:34
Lilik Smq,Aplikasinya bagus sekali,5,2022-01-09 17:37:09
ilham yahya,selalu mengutamakan kenyamanan,5,2022-01-07 21:12:57
Nor Sri'ah,Saya suka dengan aplikasi ini...,5,2022-01-07 20:30:49
Kevinsius Desvriwanto,Aplikasi sangat baik membantu sekali,5,2022-01-07 15:02:25
Hendri Handayani,Mantap,5,2022-01-07 08:09:33
Suparjo Parjo,Kenapa saat memasukan no rek pada saat mendaftar tidak bisa. Tiga digit no rek tidak bisa masuk.,5,2022-01-07 05:54:59
Cicie Cicie,Cukup,3,2022-01-06 16:27:29
Januari 07,Sangat berguna,5,2022-01-05 16:20:29
#ANTON 86#,Sangat membantu,5,2022-01-04 20:18:51
Yully Setiawan,Bagus s3kali buat kegiatan cashless,5,2022-01-04 18:52:16
Wann Channel909,Sangat bermanfa'at dengan adanya aplikasi iniğŸ‘ğŸ‘ğŸ‘,5,2022-01-03 22:20:42
Elora Channel,Mantap sudah aplikasinyağŸ‘,5,2022-01-03 22:17:54
agus gun,Fungsi,5,2022-01-03 19:37:58
bahrudin rudin,Mantap,5,2022-01-03 19:19:18
Rizma Asshifa,Sangat mmbantu di kala ATM bermasalah.,5,2022-01-03 19:04:20
Patra Pramadi,"Betang Mobile Bank Kalteng memang terbaik, sudah memiliki fitur yang memadai untuk transaksi perbankan. Maju Terus Bank Kalteng",5,2022-01-03 18:33:58
Diansoeko Prastiyo,Bagus,5,2022-01-03 17:24:08
hasan basri,Transaksi lebih mudah,5,2022-01-03 10:59:12
Bank Kalteng Cabang Nabul,Semakin memudahkan,5,2022-01-03 09:14:51
borneogreen,Coba dulu,5,2022-01-02 20:32:02
martiani 1973,Puas dengan pelayanan melalui BT,4,2022-01-02 19:15:41
iba fawzi,Sangat bagus dan membantu,5,2022-01-02 18:37:30
Melia Devianty,Bank kalteng terus maju menjadi luar biasa..mobile banking sangat membantu dlm keseharian tanpa harus ke bank,5,2022-01-02 18:17:32
Dodi Oktoriawan,"Semakin lengkap, satu aplikasi mencukupi semua kebutuhan transaksi",5,2022-01-02 18:16:35
Lilo Nugroz,So far so good,5,2022-01-02 17:46:11
Saiho Abusalman,"Terimakasih Betang Mobile,.. Bank Kalteng.. pelayanan nya baik dan memuaskan.smoga sukses selalu...",5,2022-01-02 07:48:55
Sobariyan Family,Mantap akses nya cepat keren suka,5,2022-01-02 07:16:47
Fathansah,"Lancar selalu transaksinya, semoga lebih baik lg kedepannya",5,2022-01-02 06:50:26
makmun juhri,Bagus,5,2022-01-02 05:34:23
Esdi Pangganti,Mantap. Lanjutkan,5,2022-01-02 05:04:36
Zhanto CB Hanau,mempermudah nasabah,5,2022-01-01 18:01:03
Rikho Karunia,Memuaskan... Sungguh sangat memudahkan dalam transaksi,5,2022-01-01 17:48:19
Yuni Herniasihati,Semua berjalan dengan mudah,5,2022-01-01 17:13:16
Jev HadrenG,Mempermudah dalam bertransaksi.,5,2022-01-01 16:56:43
mas budi,Mantap,5,2022-01-01 16:45:42
Darmawati Amd. Keb,good,5,2022-01-01 16:12:09
Achmad Djunaidi,Fitur sangat bermanfaat,5,2022-01-01 15:51:55
anwar ardiansyah,Wow,5,2022-01-01 13:16:28
AHMAD SYAFI'I,Aplikasi nya bagus,4,2022-01-01 13:00:22
pariati Pari,Sejak pakai aplikasi Betang mobil transaksi semakin mudah,3,2022-01-01 12:54:47
Alwaan Gaming,Ok,5,2022-01-01 12:38:34
Anita Soraya,Mantap,5,2022-01-01 12:35:07
Mulyono Krembung,tingkatkan pelayanannya,2,2022-01-01 12:28:46
eka made,Memuaskan,5,2022-01-01 11:33:04
fatih dzaky,Terima kasih BPD Apliksi ini sangat membantu sekali ğŸ˜ğŸ‘ğŸ»ğŸ‘ğŸ»ğŸ‘ğŸ»,5,2022-01-01 11:30:17
Budi Yono,"Sangat bagus dan membantu,kalau bisa fiturnya dibuat lebih menarik dan kekikian",5,2022-01-01 11:16:50
Fauziah Bestiani,Terbantu dengan ada'y betang mobile jadi ga perlu bolak balik atm untuk transaksi..,5,2022-01-01 10:47:26
Reko Novi,Terimakasih,5,2022-01-01 10:26:53
wim benung,Bank Kalteng keren ğŸ‘,5,2022-01-01 10:05:37
Retty Jully,Keren fitur nya,5,2022-01-01 09:13:33
Risdiantoro,sangat membantu pembelian paket,5,2022-01-01 09:00:09
Muhammad Tajudin Nor,Sangat membantu,5,2022-01-01 08:56:21
Duwi Laksito,Mantap sangat membantu,5,2022-01-01 08:44:56
Andika Lf,"Susah dibuka selalu gangguan koneksi terus,aplikasi yg lain enak aja.",5,2022-01-01 08:41:01
Wawan Satriaku,"Apapun itu, tetap bangga dgn bank daerah sendiri.. Terus berinovasi BPD Kalteng ku...",5,2022-01-01 08:40:35
Darmini Idur,Baik sekali,5,2022-01-01 07:56:27
dardiansyah mursalin,Bagus,5,2022-01-01 07:43:45
Indra 162,Ok,5,2022-01-01 07:19:12
nova sari bulan,Cek mutasi masuk belum bisa,3,2022-01-01 07:18:35
adi murdani,ğŸ‘ğŸ‘,4,2022-01-01 07:02:03
Mathias Sera,Baik,5,2022-01-01 07:00:08
miswandi kao,Terima kasih.,5,2022-01-01 06:38:11
Samuel BPBD,Mantap,4,2022-01-01 06:32:10
Taufan Ardiansyah,Semoga aplikasi lebih simpel lg dlm penggunaannya,3,2022-01-01 06:31:55
Eda Ondol,Sangat membantu,5,2022-01-01 05:51:23
NURUL FATRA,"Jadi bisa melakukan berbagai transaksi dr rmh, senang dg aplikasi ini .. sangat membantu ğŸ¥° Biar laachhhh bintang yang bicara .. ğŸŒŸğŸŒŸğŸŒŸğŸŒŸğŸŒŸ",5,2022-01-01 05:32:18
Arif Arif,Mantappppzzzz....,5,2022-01-01 05:31:53
kh16un kh16un,Mudah dan lancar,5,2022-01-01 05:03:39
Toto Rianto,"Aplikasi,y bagus...berjalan baik walau terkadang bisa lengket..tapi membantu",4,2022-01-01 05:00:17
Yayan Yayan,Nice...,5,2022-01-01 01:04:05
La Rizpau,Mantap,5,2022-01-01 00:10:27
musrikh,Pelayanan yang terbaik,5,2021-12-31 23:57:24
Mardani Anggen Gani,"Mantap, tingkatkan terus ke arah yang lebih baik",4,2021-12-28 00:16:11
Diana Dewar,Good ğŸ˜€ğŸ‘,5,2021-12-13 09:58:28
akhmad rifa'i,"ketika mau login,selalu gangguan koneksi ,ini kenapa maksud nya. Buka yang lain bisa semua,aplikasi ini sendiri yg gak mau dibuka!!!",1,2021-12-11 09:23:20
Ian Leon,Aplikasi tolol! Register suruh masukin nomer rekening yang 16 digit no rekening ga bisa. Yang buat bego!!,1,2021-12-09 12:12:59
Budi Suyono,Bank KALTENG ğŸ‘ğŸ‘ğŸ‘,5,2021-12-07 07:31:37
Mama Naziha,Aman dan nyaman.â˜ºï¸ğŸ™,5,2021-12-03 20:52:11
Ahmad Yani,Ok,5,2021-12-02 15:59:42
Angelia P,Mantap ğŸ‘,5,2021-12-02 15:31:42
Gusti Bayu,Terimakasih bank kalteng ğŸ™ ....segala urusan banking menjadi mudah ğŸ˜‰,5,2021-12-02 15:10:18
lihai banar,"secara fungsi sangat membantu sekali aplikasi ini.. tapi waktu registrasi dan daftar aduhhhh ribet bgt.. beberapa orang mungkin skali klik langsung bisa d gunakan,, tpi saya dan teman saya yg lain mesti harus ke bank nya langsung.. bayangkan klo jarak nya jauh..",3,2021-12-02 11:37:39
Bang Jeck,Min Tambahkn di menu topup money untuk shopiee payğŸ™ğŸ‘,5,2021-12-02 04:23:04
Hi uji,Sangat bermanfaat,5,2021-11-28 16:56:05
Puja Gumas,ğŸ‘,4,2021-11-28 09:35:45
SDN 1 PAREBOK,Jos,5,2021-11-24 06:58:57
Franata Manan,ğŸ‘ğŸ‘ğŸ‘ğŸ‘ğŸ‘,5,2021-11-22 21:40:05
Agarez Club,Parah tidak bisa daftar padahal SMS banking sdah tedaftar pas mau daftar kata no hp tidak terdaftar di SMS banking ğŸ˜”,2,2021-11-19 08:33:40
SYAMSON KAPUAS,"Pelayanan Bank Kalteng Capem Bahaur sekarang sangat baik, pertahan dan tingkatkan terus, selamat dan sukses selalu...!!",5,2021-11-18 23:57:48
Ngangga Saputra,Sangat membantu,5,2021-11-18 22:29:57
Hira Hura,Memuaskan,5,2021-11-18 12:37:23
Yustendi 01,Sangat bagus dan bermanfaat,4,2021-11-17 09:48:10
tvri Pulpis,Hadir,5,2021-11-16 21:16:43
teguh iman susanto,"Sangat membantu, tingkat kan terus agar bs dipakai berbelanja",5,2021-11-16 20:02:39
Tri Handoko SPd,Wah belum bisa Login lagi setelah update... ğŸ™ Update : Sudah bisa login seperti sediakala ğŸ™,4,2021-11-16 15:40:44
IdonK,"Kenapa daftarnya ribet amat nomor rekening harus 13 digit kan punya saya lebih 16 digit, gimana solusinya",3,2021-11-15 19:46:29
Darmanto Darmanto,"Layanan Bank Kalteng bagus, hanya terkendala jaringan yg kurang stabil",4,2021-11-14 04:47:08
Aulia Yahya Abdillah,Maksudnya dari kode sma apa ya ? Kok tidak muncul hanya notifikasi OTP saja,1,2021-11-13 14:48:24
Nanang AlKosim,Mantap,4,2021-11-13 05:31:30
boy andin,Aplikasinya bagus dan memudahkan,5,2021-11-12 10:00:03
Rico Wahyudi,Aplikasi ini sangat membantu,5,2021-11-11 14:15:45
Yohanes Apriyantlei.ST aphie,Ok,2,2021-11-11 11:43:59
Ahmadan Zulda,Kak ni mau nanya yah. Kenapa ngga bisa screen shot . Saya biasa ngirim bukti sisa saldo saya dengan screenshot,4,2021-11-11 10:37:07
NandaR IkhtiaR,Sukses selalu utk BPK kalteng,5,2021-11-11 10:15:01
Riyanto Km. 28 Tangar,"Susah didownload, muter2 trs",1,2021-11-10 20:00:24
jefri boy,Bintang 5,5,2021-11-10 19:47:23
ebta Metadi Channel,"Aplikasinya membantu, bagus.....",5,2021-11-10 15:46:33
Darmadi Yayak,Q malah bingung disitu tertera user name. Padahal punyaku dulu gak ada username nya. Langsung pasword masuk. Hah ribet lagi am ni,2,2021-11-09 21:09:13
adi abdi,Kasih bintang 1 dulu ya karena setelah update malah tidak bisa login,1,2021-11-09 09:59:14
Herlina ralienz,"Aplikasi ini sangat membantu,,kalau mau ngecek ga usah repot repot lagi bolak balim ATM",4,2021-11-09 08:54:15
Yuda Viktor,Semoga ada peningkatan hehe,5,2021-11-08 20:19:20
AKUN SAYA PRIBADI,Mantap bank Kalteng,5,2021-11-08 20:08:55
Ahmad Derry,Sqngat puas,4,2021-11-08 18:29:32
Anisha Minaka,"Setelah update jadi Betang Mobile, aplikasi bisa di buka seperti biasa. Sy login dengan menggunakan sidik jari. Langsung terhubung dan masuk seperti biasa. Good luck Betang Mobile, keep it up. Semangat ğŸ‰ğŸ‰",5,2021-11-08 14:54:37
Hendro Davidson,Sangat membantu,5,2021-11-08 14:21:16
Novia Virdayanty,"Mantap, gk ribet dan pastinya cek saldo tanpa potong pulsa. Bintang 5",5,2021-11-08 12:33:19
Rendi saputra,ğŸ‘ğŸ¿,5,2021-11-08 11:58:01
Ladi Lesmana,Andal ih ampi hapa macek duit huhuy,5,2021-11-08 11:49:50
Jesi Yosiana,Baik,5,2021-11-08 08:46:14
Elli Shafitri,"Bagus dan mempermudah,hanya saja mahal poyongannya",5,2021-11-08 07:25:19
Icha Suharjo,Memudahkan dlm segala urusan.,5,2021-11-08 06:39:14
Marten Badjadji,Mantab... aplikasinya sangat membantu,5,2021-11-08 01:02:19
yakuba sinta ayu,"Cepat,akurat",5,2021-11-07 22:16:59
Raja Geyol,Tingkatkan lagi,4,2021-11-07 20:56:45
WAGITA KARSASEMITA,Sangat membantu,5,2021-11-07 20:47:38
Muhammad Syahrani,Aplikasinya bagus. Enak digunakan.,5,2021-11-07 20:09:39
yudika august,Mantap,5,2021-11-07 20:02:29
Iwan Fauzi,Kasih full kalau ewalet tanpa nominal di tentukan,1,2021-11-07 19:11:59
Gandi Paling,"KECEWA!!! Saya melakukan transaksi pembelian token pulsa listrik dengan status gagal, namun uang saya tidak balik ke rekeningğŸ˜“, diinfokan dr Costumer servis bahwa pengembalian dana sedang dalam proses, dr tanggal 1 Oktober 2021 hingga sekarang uang saya belum balik2, apakah prosesnya sampai akhir zaman. Bukan masalah uangnya namun masalah kepercayaan dan pelayanan anda",1,2021-11-07 18:06:09
Kusnadi Hera Permana,Terimakasih atas pelayanan yang prima dari Betang mobile bank Kalteng!ğŸ™ğŸ‘,5,2021-11-07 15:58:56
adrian dalana,Setelah di update gak bisa di buka aplikasi nyağŸ˜©,1,2021-11-07 15:11:25
Mendi Pebrianto,Kenapa ya habis di update kok tidak muncul menu log in nya mohon pencerahannya..,3,2021-11-07 14:54:41
Bazarie Junaidi,"Habis update malah ga bisa login , mantab kasih bintang 5 dlu ğŸ˜„",5,2021-11-07 13:45:22
Ndtriyansyah Sampit,Mantap,4,2021-11-07 13:30:51
Fatlasadica Tyas,Mantap... Aplikasinya bermanfaat untuk memudahkan user dalam bertransaksi.,5,2021-11-07 12:35:50
AGUS SALIM,Mantap...ğŸ‘ğŸ»ğŸ‘ğŸ»ğŸ‘ğŸ»ğŸ‘ğŸ»ğŸ‘ğŸ»,5,2021-11-07 12:07:00
Me Ga,Lancar.,4,2021-11-07 12:00:09
Amang Supiadi,Menteeep....aku aman aman aja habis update,5,2021-11-07 11:22:27
SUHAM AF,Lebih mudah untuk bertransaksi dan lebih hemat dibandingkan dgn SMS banking,5,2021-11-07 11:19:21
"Hotland Nardo L M S.Kep,NS",Good,5,2021-11-07 11:17:18
Stifen Panerus,Semakin terus maju,5,2021-11-07 10:35:44
Pianis IDN 2,Bagus.. ğŸ‘ğŸ‘,5,2021-11-07 10:19:24
Surya Panansang,Sangat bermanfaat sekali,5,2021-11-06 20:49:28
Agus Spt,Trimaksih bank kalteng mobile.semua transaksi jadi cepet..,5,2021-11-04 11:33:28
Ralfianizar,"Kok kode verifikasi lewas smsnya ngga masuk masuk ya, udah 3 hari nungguin gmna mau daftar",1,2021-11-02 11:47:53
ORP Official,"""Ayo ayo ayo kita ke Bank Kalteng""",5,2021-11-01 10:09:31
Toni Mura,"Mantap min aplikasinya,....maju terus bank Kalteng",5,2021-10-30 15:56:16
Ryanda Karisma,Sekedar masukkan... Usahakan kalo bisa tidak usah daftar ulang kalo di hp baru atau ketika dapat update dari betang mobile... Karena pasti ketika mendaftar ulang memakan pulsa...,3,2021-10-30 10:27:02
Didi Sophian,"Versinya ditingkatkan malah jadi eror, nggak bs login 1 bintang aja udah cukup",1,2021-10-29 16:02:28
Syahril Fauzi,krg memuaskan masih sering gangguan2 trua saat login .. tlong prbaiki,2,2021-10-29 10:27:15
Nanang Bayuntara,"Bagus aplikasinya. Simpel, kekinian, mudah diakses. Maju terus Bank Kalteng, Berubah menjadi lebih baik.",5,2021-10-24 21:35:38
Rolly Jhon,"Ko gak bisa daftar? Sudah isi no. ATM sama no. Rekening dengn benar, malah keluar tulisan ""no. Hp belum terdaftar sms banking"" , padahal sms banking saya sudah terdaftar di bank kalteng dan bisa digunakan transaksi transfer.",1,2021-10-23 15:28:38
Kris Gamers,Apps bank BPK kenapa error terus hari ini saat melakukan transaksi? Mohon segera difix ğŸ˜,2,2021-10-22 11:16:16
Suhaimi Mang,"Gak bisa masuk no rekening selalu salah , kolam nya gak muat buat masukin no rekening",5,2021-10-09 10:41:41
Nahrul Hayat,Belum Update nga bisa Transfer Ke Bank Syariah Indonesia..,5,2021-09-24 23:08:03
Yudianus Yuyud,Lumayan berguna walau lemot ğŸ˜‚ğŸ¤£,5,2021-09-22 18:23:26
Adi Prasetyo,Sangat mempermudah saya bertransaksi,5,2021-09-22 17:37:04
Astry Oppo,Sangat memuaskan,2,2021-09-21 10:57:27
Susilo Susilo,Min Kenapa di suruh registrasi ulang yah itu mksud nya gmn dan cara nya gimana?,3,2021-09-20 00:05:43
Ryo Balay,"Terima kasih bank kalteng, berkat adanya mobile banking lebih memudahkan saya dalam bertransaksi tanpa harus ke ATM ğŸ‘ğŸ‘",5,2021-09-17 09:19:14
Marpika Riana B. Ambeng,Tambahkan utk pembayaran dana dong min,2,2021-09-14 20:05:36
Biru Donker,"Saya lgsg kasih 5 bintang.. Keren ğŸ‘ App juga gk terlalu berat dan gk ribet juga.. Fitur dan Design OK, mantap dah pokok nya jadi lebih mudah skrg. Terima kasih sdh menyediakn yg mobile banking. Semoga makin berkembang ih akan bank Kalteng ğŸ™",5,2021-09-14 17:50:53
Fitria Handayani,Tambahin dong kak virtual accountnya biar bisa memudahkan segalanya ğŸ‘Œ,5,2021-09-12 17:10:55
Beby Syima,Ok,5,2021-09-11 22:33:15
Hermenika Menika,Baik seksli,3,2021-09-11 05:24:48
Dody Setiawan,oke membantu sekali,5,2021-09-09 21:50:08
NextNath,Tolong tambahkan pembayaran dana,5,2021-09-09 00:00:30
GHOZA _JereNyanya,terima kasih sudah membantu saya malas keluar rumah kalo mau transfer ğŸ˜ğŸ™. keren2 apk nya. pelayanan kantor cabangnya ramah banget. tolong tiap cabang di daerah tambah kan Mesin CDM supaya bisa setor tunai tanpa harus ke tellernya antri lama. terimakasih ğŸ˜,5,2021-08-15 17:04:06
Hestika Agustin,Kenapa nggk bisa diinstal aplikasi nya,2,2021-08-14 07:54:40
Dea Sampit,"Hampir SEMPURNAAAA, tolong di tambah fitur penting pembayaran VA ke bank lain,karena musim penerimaan mahasiswa baru bayar uang kuliah rata rata pakai VA.",4,2021-08-12 00:57:30
MUHAMMAD RIALDY APRILYANTO FADILAH,"Aplikasi uang bagus, tolong admin tambahkan transaksi melalui virtual Account. Karna dengan itu mudah untuk transaksi kemana saja tanpa biaya, dan pembayaran selalu otomatis",5,2021-08-04 14:57:06
Anglerhulu 33kps,Ko msukan nmor rek td bisa...rek asal tdk terdaftar,4,2021-08-03 20:18:47
laili him3,Terimkasi sudah hadir diantaraa kmiğŸ˜‡ğŸ˜‡,5,2021-07-30 11:23:30
TEDDYS COM Bulik Advertising,Mantep,5,2021-07-27 07:51:52
Abimael FEM,mantap sekali.... Saran saya untuk aplikasi mobile banking nya perlu di tambahkan menu untuk transaksi transfer Virtual Account.terima kasih,4,2021-07-23 09:23:10
Ikhsan lukman Hakim,Mantap,5,2021-07-23 07:47:43
iyud osawa,Cara meliat no atm itu gimana min,4,2021-07-16 18:50:04
Fahmi Ramadhan,Pelayanan offline nya lama 1 antrian hampir 1 jam . Masuk ke bank Kalteng jam 8 dapet antrian no 10 jam 11 belum selesai juga. Hmmmm,1,2021-07-15 10:33:39
salundik salundik,Mantap,5,2021-07-13 08:56:12
Devon Ezekiel Binti,Aplikasi mantap bingits,5,2021-07-13 08:32:37
indah fajarwati,"Aplikasi bagus, gak lelet",5,2021-07-12 18:11:24
Bang Indra,Mantap,5,2021-07-12 08:28:12
silpanus samsung,Bagus,5,2021-07-11 16:34:11
ASASTRA,"Fitur yang sangat membantu, lebih efektif dan effisien. God JobğŸ‘",5,2021-07-09 15:35:18
Martha Tumanan,Ok,5,2021-07-08 14:03:24
Okta spt,Mantap,5,2021-07-08 13:12:40
Jhony Ramadhan,Terima kasih Bank Kalteng..Aplikasi yang bermanfaat..semoga terus di perbaharui agar menjadi lebih baik,5,2021-07-08 07:37:04
Wahyu Aprilina,"Mudah,cepat,gak ribet",5,2021-07-07 16:31:14
Willy Dozan01,Maju terdepan luar biasa,5,2021-07-07 13:03:26
Muhammad Zulkipli,Membantu transaksi di saat pandemi.. Mantap dan maju terus bank kalteng,5,2021-07-07 12:22:39
Dinasty Syailendra,Keren abis,5,2021-07-07 11:04:15
Yuliyah Rosihan,"Bagus, akhirnya bs transaksi di bank Kalteng mobile",5,2021-07-07 10:06:07
Bobby Marko (SSTP),Sangat membantu karna saya PNS gaji di bank kalteng..transaksi jadi lebih nyaman,5,2021-07-07 04:57:40
Thio Suwerda,Sangat membantu ğŸ‘ğŸ‘,5,2021-07-06 20:53:48
Achmad Alpiannoor,Jos komplitnya,4,2021-07-06 18:13:11
Riska Aprisa,"Tambahin pembayaran shopee pay donk diaplikasinya, nanti ku kasih bintang 5",4,2021-07-06 18:02:23
muhhammad fuaddie,Oke,5,2021-07-06 17:58:54
Orang Lawas,"Dengan aplikasi ini, saya sebagai nasabah bank kalteng merasa cukup di mudahkan dalam pengecekan saldo maupun bertransaksi lainnya, semoga ada penambahan fitur nya lagi yg bermanfaat, terima kasih",4,2021-07-06 16:46:20
Yuhersyani Rohesy,Membantu sangaat saat jauh dari ATM,5,2021-07-06 16:36:16
Yokino,Okkkk,5,2021-07-06 15:00:20
Liper S. Nawai,Sangat baik,5,2021-07-06 13:41:37
Estu Nugroho Official,Mantab moga stabil dan transaksi tetap aman,5,2021-07-06 13:20:41
Surono Surono,Ok,5,2021-07-06 13:14:12
"Leripianto, S. Pd",Mantap,5,2021-07-06 11:41:59
Fadillah Boy,bagus,5,2021-07-06 10:23:07
Ullia Ulfah,Akhirnya Bank Kalteng Mobile udh hadir...sangat membantu ğŸ‘ğŸ»ğŸ‘ğŸ»ğŸ‘ğŸ» jadi ngga ribet lagi kalau mau transaksi ğŸ˜‰ğŸ‘ğŸ»,5,2021-07-06 09:17:29
Willy Febri,Semoga bisa lebih praktis dan mudahkan dalam bertransaksi,5,2021-07-05 21:22:22
Rus Mani,Tidak bisa daptar melalui hp tdk seperti bank lain lewat hp bisa,2,2021-07-05 21:05:51
"Seswandy, S.Ag.",mantapğŸ‘,5,2021-07-05 19:57:16
Wulandari Astuti,"Knp wKtu registrasi no hp sy tdk terdaftar ? Pdahl cek saldo, bli pulsa dll pke sms Banking yg manual bisa saja. Smpai hari ini kendalanya itu saja & Sy skrng pun msih mnggunkn sms Banking yg manual, mohon pnjelasan. Trims ğŸ™ğŸ™",3,2021-07-05 13:31:42
Roby Wilime,Ya sangat bagus,5,2021-07-02 11:23:57
ricky rikarno,"sms banking sdah terdaftar dan terintergrasi dgn nomor hp (dan lancar via dial 141 125), rekening juga sudah terbaru dgn 13 digit nomornya.. tpi kenapa saat mau daftar balasannya ""nomor hp belum terdaftar sms banking"". tolong penjelasan nya?",3,2021-07-01 20:21:23
Effansyah,Nomor hp sdh terdaftar sms banking.. pas daftar dibilangnya nomor hp tidak terdaftar,1,2021-07-01 14:16:21
Aan Sawung,"Aplikasi perbankan yang memberi banyak manfaat bagi nasabah, bank kalteng mobile kemudahan bertransaksi bagi nasabah. Good Job Bank Kalteng ğŸ‘ğŸ‘ğŸ‘",5,2021-07-01 10:38:37
Indra ADBC,Cukup puas,4,2021-07-01 02:32:17
Karolina Nusita,Semakin mudah! Terima kasih Bank Kalteng ğŸ¤©,5,2021-06-30 18:40:57
Nia lestika Nia,Gimana lah daftar nya. No rekening diminta 13 digit sdngkan no rek punya saya 16 digit. Gimana lah.,1,2021-06-28 18:04:49
Trickster Id,tolong gimana ya ngisi no rekeningnya kok gak muat,3,2021-06-28 00:18:50
ardy yuli,Waktu mau daftar akun dan masukan norek.. Selalu gagal. Mohon infonya. Trims,1,2021-06-27 09:24:24
Tulus Fetra,Disaat mau mendaftar aplikasi nomor rekeningnya tidak bisa di masukan semua alhasil tidak bisa terdaftar dengan alasan nomor rekening salah.,1,2021-06-25 20:34:49
Widya Kristianti,"Tidak bisa registrasi. No rekeningnya diharuskam 13digit, sedangkan di buku rekening nya sendiri lebih dari 13digit",1,2021-06-24 20:28:58
HARUN ARON,"Bagus,cuman terus disuruh aptude t aplikasi, setelah aptude nga bisa digunakan",3,2021-06-24 19:58:50
Erra Simpei Setya,Mantap. . . Maju Bank Daerahku.,5,2021-06-24 13:34:52
Zahrotul Fauziyah,"Keren... daftarnya ga berbelit-beli Segera tambah di menu pembayaran untuk pembiayaan BAF, FIF, ADIRA dan teman2nya.ğŸ‘ğŸ‘ğŸ‘",5,2021-06-23 14:21:04
wantinus bunnar,Mntap,5,2021-06-23 13:55:17
Kristanti Helbit,Aku suka aku suka ğŸ‘ğŸ‘ğŸ‘,5,2021-06-23 08:38:27
nasir muhammad,Ulun bari bintang 4 dulu kena ulun beri lagi satu jadi lima tambahkan aplikasi lain seperti multi payment dan bayar untuk pendidikan dll....Mudahan Bank Kalteng Semakin Maju,4,2021-06-22 15:25:14
Muhammad Iqbal,Bagaimana cara daftarnya? Nomor rekeningnya lebih 13 digit tapi di kolom cmn muat 13 digit,2,2021-06-21 14:47:09
Eko Darma,Sangat membantu sekali aplikasi ini trimakasih sudah menyediakan aplikasi bank kalteng mobile semoga bank kalteng makin sukses. AMIN,5,2021-06-21 13:44:09
Krishadi Nugroho,"semakin banyak kemudahan dalam bertransaksi,terimakasih",5,2021-06-12 20:44:31
Yonathan Renaldo,"Maju, Terdepan dan Luar Biasa",5,2021-06-12 17:38:31
Jack giant Slayer,Baru mencoba,3,2021-06-11 19:26:54
Eltrison,"Anda melakukan pekerjaan besar di sini, terima kasih.",5,2021-06-11 19:14:26
RobbyKu456,"Mohon biar bisa dipermudah cara registrasi dan login, bank kalteng online nya, biar gampang masuk nya kayak mandiri online,, admin..ğŸ™ğŸ™ğŸ™ğŸ™ğŸ™ğŸ™",3,2021-06-11 17:58:11
aneke kristiana,Sangat membantu ğŸ‘,5,2021-06-11 17:34:03
Pujian Penyembahan Cover Palangka Raya,Terbaikk maju bersama bank kalteng,5,2021-06-11 14:45:07
vivien surya putra,Transaksi pembelian pulsa dll lancar,5,2021-06-11 10:52:13
Andy Ashraf,"Aplikasi keren,semoga Bank Kalteng nanti makin maju",5,2021-06-11 10:48:03
Djulak Barry26,Mantap,5,2021-06-11 09:59:32
Galam Ayan,Memuaskan Makai internet banking,1,2021-06-11 09:49:50
Helita Olivia,Mantap dan sangat membantuuuğŸ˜ŠğŸ˜Š,5,2021-06-11 09:09:41
Hendra Irawan,Oke,5,2021-06-11 08:05:28
Tajudinnor Asra,Mantaap,5,2021-06-10 22:02:08
Jon Aprie,maju bersama Bank Kalteng....,5,2021-06-10 19:32:52
Esra_ BPD,Saya sudah instal aplikasinya dan sudah mencoba bertransaksi transfer ke bank lain status berhasil. Aplikasi Bank Kalteng Mobile kereenn dan bagus ğŸ‘ğŸ‘ğŸ‘ tunggu apalagi yukks mari bertransaksi menggunakan aplikasi Bank Kalteng Mobile je ayun itah... ğŸ™,5,2021-06-10 19:25:31
Sudarto Sudarto,Sangat membantu mempermudah melakukan transaksi perbankan....setiap saat.,5,2021-06-10 18:14:17
God Bless Darma,Bahalap,5,2021-06-10 18:05:21
Afri Barsel,"Mantap, sangat membantu bertransaksi..",5,2021-06-10 17:37:34
Wanted,Terbaikkkkk Bank Kalteng semakin terdepan!!!!,5,2021-06-10 16:01:42
Trianto Gumer S. Tundjung,Mantap ğŸ‘ğŸ‘ğŸ‘,5,2021-06-10 11:09:17
Andhika Dano Saputra,Mantab,5,2021-06-09 08:48:03
Eko Alfianur,"Saya dulu bikin rekening engga make no hp,,,, jadi saya engga ada sms bengking jdi gimana cara nya untuk mengakses BANK KALTENG MOBILE ini klo no hp nya engga terdaptar?????",1,2021-06-08 16:27:24
iokman cecev,mantap,5,2021-06-07 18:23:48
emelia santi,Sangat membantu kemudahan transaksi keuangan saya setiap saat,5,2021-06-07 05:32:12
Rensi Wijaya,ğŸ‘† ğŸ‘ ğŸ‘ ğŸ‘ ğŸ‘ ğŸ‘ ğŸ‘ ğŸ‘ ğŸ‘,5,2021-06-06 17:40:13
Sunardi Kps,Sangat membantu,4,2021-06-06 12:48:12
Abdus Sani,aplikasi nya bagus..penggunaannya mudah ..semoga semakin berkembang dan maju.. bisa seperti bank2 nasional..,5,2021-06-06 12:32:14
shinta maria angela,Mantap,5,2021-06-06 09:21:16
Wadi Bajang 65,Memuaskan,5,2021-06-05 19:38:43
Ivan Andriansyah,Mantap ğŸ‘ğŸ‘ğŸ‘,5,2021-06-05 16:20:09
Jho Sakti,Semoga tambah maju terdepan dan luar biasa,5,2021-06-05 13:52:05
PARIDA SP,Mantaaaappppp,5,2021-06-05 13:19:27
marcella thea,"Aplikasi berjalan lancar, dimudahkan untuk transfer,cek saldo,dan pembayaran tagihan kartu halo. Semoga lebih baik lagi untuk pengembangannya. Salam sukses",4,2021-06-05 11:53:44
Revita Arifin,Memudahkan banget buat transaksi kapan aja dan dimana aja. plus ui/ux-nya bagus,5,2021-06-04 18:38:03
Popeye bayam,ğŸ‘ğŸ‘,5,2021-06-04 15:07:14
Salmiati Mimie,"Aplikasi yg ditunggu -tunggu, akhirnya rilisğŸ‘",5,2021-06-04 12:45:11
Bayu Topan,Mantap,5,2021-06-04 05:56:38
Desy Y,"Alhamdulillah transaksi perbankan jd lbh mudah dilakukan dari mana saja. Trimakasih Bank Kalteng (Desy, Sukamara)",5,2021-06-04 05:03:24
Adi Batuah,Mantaf tingkatkan terus...ğŸ‘,5,2021-06-03 18:53:08
fitri yansyah,Semoga semakin berjaya,5,2021-06-03 17:11:18
A M,"Ulun tanpa pian.. hampa.. ad pian ulun nyaman.. hndk apa2 mudah banar.. nukar pulsa, bayar listrik, trasfer kd perlu ulun bejalan, tingal buka apl nya bank kalteng mobile selesai dah.. bank kalteng mobile pian nahğŸ‘ğŸ‘ğŸ‘ğŸ˜ŠğŸ˜.",5,2021-06-03 15:45:32
Carli Ansyah,Mantap,5,2021-06-03 12:31:19
muhammad rifai,mantap & sangat mudah....,5,2021-06-03 11:12:13
Tuah Tatto,ğŸ‘ğŸ‘ğŸ‘,4,2021-06-03 10:06:24
Kristoper Leonardo,"Mantap, Bank Kalteng semakin maju, terdepan, dan luar biasa ğŸ‘ğŸ»ğŸ‘ğŸ»ğŸ‘ğŸ»",5,2021-06-03 09:32:07
Pradita maharani,"Suka banget sma aplikasinya, mempermudah sekali dalam hal transaksi",5,2021-06-03 06:05:29
yudha rezky,Sangat membantu,5,2021-06-02 19:55:48
kris nandi,Niceeeeeeeeeeeee,5,2021-06-02 19:02:01
David Pahoe,bagus,5,2021-06-02 18:18:09
Oka SH,Akhirny stlh sekian lama kita bisa hadir di dunia digital,5,2021-06-02 18:03:32
heriyandhy,Mantap,5,2021-06-02 17:15:19
Jojo Soeling,Mantap,5,2021-06-02 17:01:32
opan indrayana,Terbaik... ğŸ‘,5,2021-06-02 16:43:58
andi suprin,Kereen... bank daerah fasilitas sama dg bank nasional.,5,2021-06-02 16:24:41
Domu Domu,Mantaap...,5,2021-06-02 13:44:19
Alif sport,Mantaabbb Semoga semakin sukses.... Bank kalteng... Maju Terdepan LuarbiasağŸ‘,5,2021-06-02 13:42:18
Ika Safitri Rahmah,Terbantu sekali dengan hadirnya aplikasi ini. Jadi ga perlu cape2 ke atm kalau cuma sekedar cek saldo atau transfer. Terimakasih bank kalteng.,5,2021-06-02 13:21:41
yano sudarta,"Pengembangan teknologi perbankan yang signifikan,sangat membantu untuk mempermudah transaksi keuangan,& fitur yg diberikan sangat sesuai untuk menjawab kebutuhan penggunaan jasa perbankan. Mohon untuk dikembangkan lagi.",5,2021-06-02 12:03:50
Tovo Frayitno,"Dengan adanya aplikasi ini, akan lebih memberikan opsi dan memudahkan nasabah dalam bertransaksi, semoga Bank Kalteng dapat terus berkembang dan maju menjadi kebanggaan masyarakat Kalteng, terima kasih Bank KaltengğŸ‘",5,2021-06-02 11:58:29
Bertha Kurniatie,"Mantapp,,",5,2021-06-02 11:40:42
Beatrice Gultom,Mantapp,5,2021-06-02 11:39:59
victor evans,"Mantap,,,maju terus Bank Kalteng",5,2021-06-02 11:38:16
eka dina ds,"Aplikasinya mempermudah nasabah dalam bertransaksi, sukses dan jaya selalu Bank Kalteng",5,2021-06-02 09:29:25
Midun Mid,Bagus aplikasi nya,5,2021-06-02 09:15:27
Agung Hotma,"Sangat membantu, mudah di gunakan",5,2021-06-02 08:00:26
Maria Magdalena,Memudahkan dalam bertransaksi,5,2021-06-02 07:59:50
Adi Wiranata,Aplikasi Mobile Banking Bank Kalteng sangat membantu dlm transaksi finansial. Sukses utk Bank Kalteng,5,2021-06-02 04:53:31
Dessy Herwanti,"Mantap,, mempermudah banget ğŸ¥°",5,2021-06-01 21:10:42
Jeksenly Jeksenly,Aplikasi berjalan lancar dan ringan.. Mantap.. Tambahkan lagi fitur2 lainnya..,5,2021-06-01 21:07:13
Helfri Agassi,Mantap. Semoga semakin memudahkan nasabah dalam bertransaksi. Menjadikan Bank Kalteng semakin mejadi Bank kebanggaan masyarakat Kalteng. ğŸ™,5,2021-06-01 20:32:42
Kurniawan Wicaksono,Sukses dan maju terus untuk Bank Kalteng,5,2021-06-01 20:22:11
Ery Maulida,"Akhirnya Mobile Banking Bank Kalteng bisa kita gunakan juga, aplikasinya simple, mudah dipahami dan mudah digunakan ğŸ‘ maju terus Bank Kalteng ğŸ˜‡",5,2021-06-01 20:04:39
Yonatan Jaya,Mantappp,5,2021-06-01 19:44:08
victor kaharap,LanjutkanğŸ‘ğŸ¼,5,2021-06-01 19:30:50
Dahlia Lia,Bagus bgt fiturnyaa,5,2021-06-01 19:30:49
mocking bird,Mantappp siap dicoba dan dieksplor ğŸ˜€,5,2021-06-01 19:29:53
Bambang Purwadi,Bank Kalteng maju Terus n semakin sukses luar biasa ğŸ‘ğŸ‘ğŸ‘ğŸ’ªğŸ’ªğŸ’ª,5,2021-06-01 19:24:07
Wil iwiiil,Sangat bagus,5,2021-06-01 19:18:56
M. Yogi,Tampilan oke dan sangat memudahkan dalam bertransaksi bagi nasabah Bank Kalteng,5,2021-06-01 19:07:43
Nadhi Jaya,Mantab,5,2021-06-01 18:43:59
Ichaon7 Khaylila,Maju terdepan luar biasa....ğŸ˜ğŸ˜ğŸ˜,5,2021-06-01 18:07:31
yopi kiswanto,Terbaik ğŸ‘,5,2021-06-01 17:57:00
Riru Apriandami Ngindra,"Keren, sangat membantu",5,2021-05-31 19:35:22
Enijoni,Belum bisa digunakan,1,2021-05-19 10:48:27
Fitri Fatimah,Ngk buka buat bank Kalteng mobile,5,2021-05-15 22:43:19
MCPU,Kapan launching min?,4,2021-04-29 04:42:40
Tante Nakal,Masih dlam proses,5,2021-01-13 01:57:57
Verra Pebun,Cek saldo,1,2021-01-09 22:08:12
Erra Simpei Setya,Kasih dua dl. Semoga di tahun ini bs segera launching mobile bankingnya. Merdeka ğŸ¤ŸğŸ»,2,2021-01-02 21:32:02
Muhammad Rifani99,coba,4,2020-12-09 22:59:42
Adonia Noverianto,Terbaek,5,2020-12-01 09:13:13
Elisa Stanifri,Saya belum lihat mesin transaksi,5,2020-11-30 16:08:51
